"","Currency","CurrencyLong","MinConfirmation","TxFee","IsActive","IsRestricted","CoinType","BaseAddress","Notice"
"1","BTC","Bitcoin",2,5e-04,TRUE,FALSE,"BITCOIN","1N52wHoVR79PMDishab2XmRHsbekCdGquK",NA
"2","LTC","Litecoin",6,0.01,TRUE,FALSE,"BITCOIN","LhyLNfBkoKshT7R8Pce6vkB9T2cP2o84hx",NA
"3","DOGE","Dogecoin",6,2,TRUE,FALSE,"BITCOIN","D9GqmkGCpgtnXP7xMD78v9xfqeDkqBZBMT",NA
"4","VTC","Vertcoin",300,0.02,TRUE,FALSE,"BITCOIN16","VfukW89WKT9h3YjHZdSAAuGNVGELY31wyj",NA
"5","PPC","Peercoin",6,0.02,TRUE,FALSE,"BITCOIN",NA,NA
"6","FTC","Feathercoin",150,0.2,TRUE,FALSE,"BITCOIN",NA,NA
"7","RDD","ReddCoin",20,2,TRUE,FALSE,"BITCOIN",NA,NA
"8","NXT","NXT",8,2,TRUE,FALSE,"NXT","NXT-97H4-KRWL-A53G-7GVRG",NA
"9","DASH","Dash",6,0.05,TRUE,FALSE,"BITCOIN","XxsTca1ATYAuZdCo6E8ePQQovGG5bvayeN",NA
"10","POT","PotCoin",20,0.002,TRUE,FALSE,"BITCOIN",NA,NA
"11","BLK","BlackCoin",6,0.02,TRUE,FALSE,"BITCOIN",NA,NA
"12","EMC2","Einsteinium",1000,0.2,TRUE,FALSE,"BITCOIN",NA,NA
"13","XMY","Myriad",20,0.2,TRUE,FALSE,"BITCOIN",NA,NA
"14","AUR","AuroraCoin",150,0.02,TRUE,FALSE,"BITCOIN",NA,NA
"15","EFL","ElectronicGulden",256,0.2,TRUE,FALSE,"BITCOIN",NA,NA
"16","GLD","GoldCoin",100,2e-04,TRUE,FALSE,"BITCOIN",NA,NA
"17","FAIR","FairCoin",10,0.02,TRUE,FALSE,"BITCOIN",NA,NA
"18","SLR","SolarCoin",20,0.2,TRUE,FALSE,"BITCOIN",NA,NA
"19","PTC","PesetaCoin ",40,0.002,TRUE,FALSE,"BITCOIN",NA,NA
"20","GRS","Groestlcoin",20,0.2,TRUE,FALSE,"BITCOIN16",NA,NA
"21","NLG","Gulden",20,0.2,TRUE,FALSE,"BITCOINEX",NA,NA
"22","RBY","RubyCoin",10,0.02,TRUE,FALSE,"BITCOIN",NA,NA
"23","XWC","WhiteCoin",20,0.2,TRUE,FALSE,"BITCOIN",NA,NA
"24","MONA","MonaCoin",100,0.2,TRUE,FALSE,"BITCOIN16","MVPVmbbm7g3f9PF2xRV6RSoSnw8xfr8kNj",NA
"25","THC","HempCoin",14,0.2,TRUE,FALSE,"BITCOIN","HCt5LgCkUX39ekrQdEHaN8Rp5AHZP3MKTj",NA
"26","ENRG","EnergyCoin",20,0.2,TRUE,FALSE,"BITCOIN",NA,NA
"27","ERC","EuropeCoin",20,0.2,TRUE,FALSE,"BITCOIN",NA,NA
"28","VRC","VeriCoin",5,2e-04,TRUE,FALSE,"BITCOIN",NA,NA
"29","CURE","CureCoin",6,2e-04,TRUE,FALSE,"BITCOIN",NA,NA
"30","XMR","Monero",20,1e-04,TRUE,FALSE,"CRYPTO_NOTE_PAYMENTID","463tWEBn5XZJSxLU6uLQnQ2iY9xuNcDbjLSjkn3XAXHCbLrTTErJrBWYgHJQyrCwkNgYvyV3z8zctJLPCZy24jvb3NiTcTJ",NA
"31","CLOAK","CloakCoin",5,0.02,TRUE,FALSE,"BITCOIN",NA,NA
"32","BSD","BitSend",100,0.002,TRUE,FALSE,"BITCOIN",NA,NA
"33","START","StartCoin",120,0.02,TRUE,FALSE,"BITCOIN",NA,NA
"34","KORE","Kore",6,0.02,TRUE,FALSE,"BITCOIN",NA,NA
"35","XDN","DigitalNote",15,0.01,FALSE,FALSE,"CRYPTO_NOTE_PAYMENTID","dddpmAwrXsaHVTBMMpsHfERfBsJ348x77QR6wpQFJ4zqDoXdF4vxJEK6ar8rmvrL6AZRWMh8AE1pDbWvY9EdpXN638mpYCJ62","Wallet Disabled"
"36","TRUST","TrustPlus",20,0.02,TRUE,FALSE,"BITCOIN",NA,NA
"37","NAV","NAVCoin",150,0.2,TRUE,FALSE,"BITCOIN",NA,NA
"38","XST","Stealth",20,0.02,TRUE,FALSE,"BITCOIN",NA,NA
"39","VIA","ViaCoin",20,0.2,TRUE,FALSE,"BITCOIN",NA,NA
"40","PINK","PinkCoin",100,0.2,TRUE,FALSE,"BITCOIN",NA,NA
"41","IOC","I/OCoin",6,0.2,TRUE,FALSE,"BITCOIN",NA,NA
"42","CANN","CannabisCoin",300,0.2,TRUE,FALSE,"BITCOIN",NA,NA
"43","SYS","SysCoin",20,2e-04,TRUE,FALSE,"BITCOIN",NA,NA
"44","NEOS","NeosCoin",30,0.02,TRUE,FALSE,"BITCOIN",NA,NA
"45","DGB","DigiByte",100,0.2,TRUE,FALSE,"BITCOIN16","DBF4pdn7CGZMkxFUvdMbfxyJ8cRqfwsurj",NA
"46","BTS","BitShares",2,5,TRUE,FALSE,"BITSHAREX","bittrex-deposit",NA
"47","BURST","BURST",10,2,TRUE,FALSE,"NXT","BURST-HK9D-P74Q-XDEJ-D6PGM",NA
"48","PXI","Prime-XI",6,0.2,TRUE,FALSE,"BITCOIN",NA,NA
"49","EXCL","ExclusiveCoin",6,0.2,TRUE,FALSE,"BITCOIN",NA,NA
"50","BITS","Bitswift",30,2,TRUE,FALSE,"NXT","ARDOR-S42Z-ERET-QLMX-4JR77",NA
"51","DOPE","DopeCoin",6,0.002,TRUE,FALSE,"BITCOIN",NA,NA
"52","BLOCK","Blocknet",6,0.02,TRUE,FALSE,"BITCOIN",NA,NA
"53","ABY","ArtByte",6,0.2,TRUE,FALSE,"BITCOIN",NA,NA
"54","BYC","Bytecent",20,0.02,TRUE,FALSE,"BITCOIN",NA,NA
"55","XMG","Magi",30,2e-04,TRUE,FALSE,"BITCOIN",NA,NA
"56","BLITZ","Blitzcash",6,0.02,TRUE,FALSE,"BITCOIN",NA,NA
"57","BAY","BitBay",6,0.2,TRUE,FALSE,"BITCOIN",NA,NA
"58","SPR","SpreadCoin",6,0.2,TRUE,FALSE,"BITCOIN",NA,NA
"59","VTR","vTorrent",6,0.02,TRUE,FALSE,"BITCOIN_STEALTH",NA,NA
"60","XRP","XRP",10,1,TRUE,FALSE,"RIPPLE","rPVMhWBsfF9iMXYj3aAzJVkPDTFNSyWdKy",NA
"61","GAME","GameCredits",150,0.2,TRUE,FALSE,"BITCOIN",NA,NA
"62","NXS","Nexus",20,0.2,TRUE,FALSE,"BITCOIN",NA,NA
"63","COVAL","Circuits of Value",6,200,TRUE,FALSE,"COUNTERPARTY","1AeqgtHedfA2yVXH6GiKLS2JGkfWfgyTC6",NA
"64","XCP","Counterparty",6,0.2,TRUE,FALSE,"COUNTERPARTY","1AeqgtHedfA2yVXH6GiKLS2JGkfWfgyTC6",NA
"65","BITB","BitBean",6,0.2,TRUE,FALSE,"BITCOIN",NA,NA
"66","XVG","Verge",100,5,TRUE,FALSE,"BITCOIN","DCUWt5ctZcPdPMYPV2o1xK1kqv7jNwxu4h",NA
"67","GEO","GeoCoin",36,0.1,TRUE,FALSE,"ETH_CONTRACT","0xb3c4e9ca7c12a6277deb9eef2dece65953d1c864",NA
"68","FLDC","FoldingCoin",6,150,TRUE,FALSE,"COUNTERPARTY","1AeqgtHedfA2yVXH6GiKLS2JGkfWfgyTC6",NA
"69","GRC","GridCoin",120,0.2,TRUE,FALSE,"BITCOIN",NA,NA
"70","FLO","FLO",2000,0.2,TRUE,FALSE,"BITCOIN",NA,NA
"71","NBT","Nubits",6,0.02,TRUE,FALSE,"BITCOIN",NA,NA
"72","XEM","NEM",10,4,TRUE,FALSE,"NEM","ND2JRPQIWXHKAA26INVGA7SREEUMX5QAI6VU7HNR",NA
"73","MUE","MonetaryUnit",50,0.02,TRUE,FALSE,"BITCOIN","7cj7HboKG2PUV2jQcAU79naeCQvmV1doJW",NA
"74","XVC","Vcash",30,0.002,TRUE,FALSE,"BITCOIN",NA,""
"75","CLAM","CLAMs",6,0.2,TRUE,FALSE,"BITCOIN","xHWM9sQVJS3WgLm88j29tpFfZw17TmbRoq",NA
"76","DMD","Diamond",6,0.002,TRUE,FALSE,"BITCOIN",NA,NA
"77","GAM","Gambit",36,0.3,TRUE,FALSE,"ETH_CONTRACT","0xfbb1b73c4f0bda4f67dca266ce6ef42f520fbb98",NA
"78","SPHR","Sphere",6,0.002,TRUE,FALSE,"BITCOIN",NA,NA
"79","OK","OkCash",6,0.2,TRUE,FALSE,"BITCOIN",NA,NA
"80","SNRG","Synergy",6,0.002,TRUE,FALSE,"BITCOIN",NA,NA
"81","PKB","ParkByte",6,0.02,TRUE,FALSE,"BITCOIN",NA,NA
"82","CPC","CapriCoin",250,0.2,TRUE,FALSE,"BITCOIN",NA,NA
"83","AEON","Aeon",400,0.1,TRUE,FALSE,"CRYPTO_NOTE_PAYMENTID","WmtK9TQ6yd2ZWZDAkRsebc2ppzUq2Wuo9XRRjHMH2fvqM3ARVqk3styJ6AavJFcpJFPFtxRGAqGFoJMZGJ6YYzQ61TYGfpykX",NA
"84","ETH","Ethereum",36,0.006,TRUE,FALSE,"ETH","0xfbb1b73c4f0bda4f67dca266ce6ef42f520fbb98",NA
"85","GCR","GlobalCurrencyReserve",60,0.02,TRUE,FALSE,"BITCOIN",NA,NA
"86","TX","TransferCoin",6,0.02,TRUE,FALSE,"BITCOIN",NA,NA
"87","BCY","BitCrystals",6,5,TRUE,FALSE,"COUNTERPARTY","1AeqgtHedfA2yVXH6GiKLS2JGkfWfgyTC6",NA
"88","EXP","Expanse",80,0.01,TRUE,FALSE,"ETH","0xc9710872d3e65edbf7f8776829dd7b21f2085e40",NA
"89","INFX","InfluxCoin",6,0.1,TRUE,FALSE,"BITCOIN",NA,""
"90","OMNI","OmniCoin",2,0.1,TRUE,FALSE,"OMNI","1DUb2YYbQA1jjaNYzVXLZ7ZioEhLXtbUru",NA
"91","USDT","Tether",2,5,TRUE,FALSE,"OMNI","1DUb2YYbQA1jjaNYzVXLZ7ZioEhLXtbUru",NA
"92","AMP","SynereoAmp",2,5,TRUE,FALSE,"OMNI","1DUb2YYbQA1jjaNYzVXLZ7ZioEhLXtbUru",NA
"93","AGRS","IDNI Agoras",2,5,TRUE,FALSE,"OMNI","1DUb2YYbQA1jjaNYzVXLZ7ZioEhLXtbUru",NA
"94","XLM","Lumen",2,0.01,TRUE,FALSE,"LUMEN","GB6YPGW5JFMMP2QB2USQ33EUWTXVL4ZT5ITUNCY3YKVWOJPP57CANOF3",NA
"95","BITCNY","BitCNY",2,1.5,TRUE,FALSE,"BITSHAREX","bittrex-deposit",NA
"96","CLUB","ClubCoin",6,0.02,TRUE,FALSE,"BITCOIN",NA,NA
"97","RVR","RevolutionVR",6,0.1,TRUE,FALSE,"BITCOIN",NA,NA
"98","EMC","EmerCoin",6,0.02,TRUE,FALSE,"BITCOIN",NA,NA
"99","FCT","Factom",2,0.01,TRUE,FALSE,"FACTOM","FA2MZs5wASMo9cCiKezdiQKCd8KA6Zbg2xKXKGmYEZBqon9J3ZKv",NA
"100","MAID","MaidSafeCoin",2,2,TRUE,FALSE,"OMNI","1DUb2YYbQA1jjaNYzVXLZ7ZioEhLXtbUru",NA
"101","EGC","EverGreenCoin",6,0.2,TRUE,FALSE,"BITCOIN",NA,NA
"102","SLS","SaluS",6,0.002,TRUE,FALSE,"BITCOIN",NA,NA
"103","RADS","Radium",6,0.2,TRUE,FALSE,"BITCOIN",NA,NA
"104","DCR","Decred",6,0.01,TRUE,FALSE,"BITCOIN",NA,NA
"105","SAFEX","SafeExchangeCoin",2,100,TRUE,FALSE,"OMNI","1DUb2YYbQA1jjaNYzVXLZ7ZioEhLXtbUru",NA
"106","PIVX","Pivx",6,0.02,TRUE,FALSE,"BITCOIN","D9W8DPPC953iQbqWJqtfGHdtfTcr1kkm4U",NA
"107","MEME","Memetic",30,0.02,TRUE,FALSE,"BITCOIN",NA,NA
"108","STEEM","STEEM",20,0.01,TRUE,FALSE,"STEEM","bittrex",NA
"109","2GIVE","2GIVE",6,0.01,TRUE,FALSE,"BITCOIN_PERCENTAGE_FEE",NA,NA
"110","LSK","Lisk",304,0.1,TRUE,FALSE,"LISK","6687808873757044786L",NA
"111","PDC","Project Decorum",2,5,TRUE,FALSE,"OMNI","1DUb2YYbQA1jjaNYzVXLZ7ZioEhLXtbUru",NA
"112","DGD","Digix DAO",36,0.038,TRUE,FALSE,"ETH_CONTRACT","0xfbb1b73c4f0bda4f67dca266ce6ef42f520fbb98",NA
"113","BRK","Breakout",6,0.02,TRUE,FALSE,"BITCOIN",NA,NA
"114","WAVES","Waves",20,0.001,TRUE,FALSE,"WAVES","3P31zvGdh6ai6JK6zZ18TjYzJsa1B83YPoj",NA
"115","RISE","Rise",77,0.1,TRUE,FALSE,"LISK","1644223775232371040R",NA
"116","LBC","LBRY Credits",30,0.02,TRUE,FALSE,"BITCOIN",NA,NA
"117","SBD","SteemDollars",20,0.01,TRUE,FALSE,"STEEM","bittrex",NA
"118","BRX","Breakout Stake",6,0.02,TRUE,FALSE,"BITCOIN",NA,NA
"119","ETC","Ethereum Classic",72,0.01,TRUE,FALSE,"ETH","0xe592b0d8baa2cb677034389b76a71b0d1823e0d1",NA
"120","STRAT","Stratis",6,0.2,TRUE,FALSE,"BITCOIN",NA,NA
"121","UNB","UnbreakableCoin",6,0.2,TRUE,FALSE,"BITCOIN",NA,NA
"122","SYNX","Syndicate",20,0.2,TRUE,FALSE,"BITCOIN",NA,NA
"123","TRIG","TRIG Token",6,5,TRUE,FALSE,"COUNTERPARTY","1AeqgtHedfA2yVXH6GiKLS2JGkfWfgyTC6",NA
"124","EBST","eBoost",2,0.1,TRUE,FALSE,"BITCOIN",NA,NA
"125","VRM","Verium",30,0.4,TRUE,FALSE,"BITCOIN",NA,NA
"126","SEQ","Sequence",6,0.2,TRUE,FALSE,"BITCOIN",NA,NA
"127","SNGLS","SingularDTV",36,3.5,TRUE,FALSE,"ETH_CONTRACT","0xfbb1b73c4f0bda4f67dca266ce6ef42f520fbb98",NA
"128","REP","Augur",36,0.1,TRUE,FALSE,"ETH_CONTRACT","0xfbb1b73c4f0bda4f67dca266ce6ef42f520fbb98",NA
"129","SHIFT","Shift",77,0.01,TRUE,FALSE,"LISK","15128408768964966812S",NA
"130","ARDR","Ardor",30,2,TRUE,FALSE,"NXT","ARDOR-XK2L-Z7NK-VNKM-AZYVT",NA
"131","XZC","ZCoin",6,0.02,TRUE,FALSE,"BITCOIN",NA,NA
"132","NEO","Neo",10,0.025,TRUE,FALSE,"ANTSHARES",NA,NA
"133","ZEC","ZCash",30,0.005,TRUE,FALSE,"BITCOINEX","t1KVcK1PEFHRjzJTA3oeXA82tiUGj5V72Cb",NA
"134","ZCL","Zclassic",500,0.002,TRUE,FALSE,"BITCOINEX","t1XN3E2aJgqpPpv8PS8bNBCivGSXVpvttef",NA
"135","IOP","Internet Of People",6,0.2,TRUE,FALSE,"BITCOIN",NA,NA
"136","GOLOS","Golos",20,0.01,TRUE,FALSE,"STEEM","bittrex",NA
"137","GBG","Gbg",20,0.01,TRUE,FALSE,"STEEM","bittrex",NA
"138","UBQ","Ubiq",80,0.01,TRUE,FALSE,"ETH","0xb3c4e9ca7c12a6277deb9eef2dece65953d1c864",NA
"139","KMD","Komodo",30,0.002,TRUE,FALSE,"BITCOINEX",NA,NA
"140","SIB","Sibcoin",550,0.2,TRUE,FALSE,"BITCOIN",NA,NA
"141","ION","Ion",6,0.2,TRUE,FALSE,"BITCOIN",NA,NA
"142","LMC","Lomocoin",6,0.2,TRUE,FALSE,"BITCOIN",NA,NA
"143","QWARK","Qwark",36,0.1,TRUE,FALSE,"ETH_CONTRACT","0xb3c4e9ca7c12a6277deb9eef2dece65953d1c864",NA
"144","CRW","Crown",100,0.02,TRUE,FALSE,"BITCOIN",NA,NA
"145","SWT","Swarm City Token",36,1.8,TRUE,FALSE,"ETH_CONTRACT","0xfbb1b73c4f0bda4f67dca266ce6ef42f520fbb98",NA
"146","TIME","Chronobank Time",36,0.2,TRUE,FALSE,"ETH_CONTRACT","0xfbb1b73c4f0bda4f67dca266ce6ef42f520fbb98",NA
"147","MLN","Melon",36,0.035,TRUE,FALSE,"ETH_CONTRACT","0xfbb1b73c4f0bda4f67dca266ce6ef42f520fbb98",NA
"148","TKS","Tokes",20,0.1,TRUE,FALSE,"WAVES_ASSET","3P31zvGdh6ai6JK6zZ18TjYzJsa1B83YPoj",NA
"149","ARK","Ark",51,0.1,TRUE,FALSE,"LISK","AUexKjGtgsSpVzPLs6jNMM6vJ6znEVTQWK",NA
"150","DYN","Dynamic",10,0.02,TRUE,FALSE,"BITCOIN",NA,NA
"151","MUSIC","Musicoin",80,0.01,TRUE,FALSE,"ETH","0xea62a60b127efd524b6e19791bcb374a49302c71",NA
"152","DTB","Databits",6,5,TRUE,FALSE,"COUNTERPARTY","1AeqgtHedfA2yVXH6GiKLS2JGkfWfgyTC6",NA
"153","INCNT","Incent",20,0.1,TRUE,FALSE,"WAVES_ASSET","3P31zvGdh6ai6JK6zZ18TjYzJsa1B83YPoj",NA
"154","GBYTE","Bytes",1,0.002,TRUE,FALSE,"BYTEBALL",NA,NA
"155","GNT","Golem",36,9,TRUE,FALSE,"ETH_CONTRACT","0xfbb1b73c4f0bda4f67dca266ce6ef42f520fbb98",NA
"156","NXC","Nexium",36,13,TRUE,FALSE,"ETH_CONTRACT","0xfbb1b73c4f0bda4f67dca266ce6ef42f520fbb98",NA
"157","EDG","Edgeless",36,3.5,TRUE,FALSE,"ETH_CONTRACT","0xfbb1b73c4f0bda4f67dca266ce6ef42f520fbb98",NA
"158","MORE","More",36,4,TRUE,FALSE,"ETH_CONTRACT","0xfbb1b73c4f0bda4f67dca266ce6ef42f520fbb98",NA
"159","TRST","Trustcoin",36,7,TRUE,FALSE,"ETH_CONTRACT","0xfbb1b73c4f0bda4f67dca266ce6ef42f520fbb98",NA
"160","WINGS","Wings DAO",36,4,TRUE,FALSE,"ETH_CONTRACT","0xfbb1b73c4f0bda4f67dca266ce6ef42f520fbb98",NA
"161","RLC","iEx.ec",36,3.5,TRUE,FALSE,"ETH_CONTRACT","0xfbb1b73c4f0bda4f67dca266ce6ef42f520fbb98",NA
"162","GNO","Gnosis",36,0.02,TRUE,FALSE,"ETH_CONTRACT","0xfbb1b73c4f0bda4f67dca266ce6ef42f520fbb98",NA
"163","GUP","Guppy",36,7,TRUE,FALSE,"ETH_CONTRACT","0xfbb1b73c4f0bda4f67dca266ce6ef42f520fbb98",NA
"164","LUN","Lunyr",36,0.15,TRUE,FALSE,"ETH_CONTRACT","0xfbb1b73c4f0bda4f67dca266ce6ef42f520fbb98",NA
"165","APX","Apx",36,0.1,TRUE,FALSE,"ETH_CONTRACT","0xb3c4e9ca7c12a6277deb9eef2dece65953d1c864",NA
"166","TKN","TokenCard",36,0.4,TRUE,FALSE,"ETH_CONTRACT","0xfbb1b73c4f0bda4f67dca266ce6ef42f520fbb98",NA
"167","HMQ","Humaniq",36,16,TRUE,FALSE,"ETH_CONTRACT","0xfbb1b73c4f0bda4f67dca266ce6ef42f520fbb98",NA
"168","ANT","Aragon",36,1.3,TRUE,FALSE,"ETH_CONTRACT","0xfbb1b73c4f0bda4f67dca266ce6ef42f520fbb98",NA
"169","ZEN","Horizen",200,0.002,TRUE,FALSE,"BITCOINEX","znijtPB2zXxNG8qKnKuZprH9SbYhvdAzn5P",NA
"170","SC","Siacoin",6,0.1,TRUE,FALSE,"SIA",NA,NA
"171","BAT","Basic Attention Token",36,10,TRUE,FALSE,"ETH_CONTRACT","0xfbb1b73c4f0bda4f67dca266ce6ef42f520fbb98",NA
"172","1ST","Firstblood",36,4.5,TRUE,FALSE,"ETH_CONTRACT","0xfbb1b73c4f0bda4f67dca266ce6ef42f520fbb98",NA
"173","QRL","Quantum Resistant Ledger",36,2.5,TRUE,FALSE,"ETH_CONTRACT","0xfbb1b73c4f0bda4f67dca266ce6ef42f520fbb98",NA
"174","CRB","CreditBit",36,8,TRUE,FALSE,"ETH_CONTRACT","0xfbb1b73c4f0bda4f67dca266ce6ef42f520fbb98",NA
"175","PTOY","Patientory",36,14,TRUE,FALSE,"ETH_CONTRACT","0xfbb1b73c4f0bda4f67dca266ce6ef42f520fbb98",NA
"176","MYST","Mysterium",36,2.5,TRUE,FALSE,"ETH_CONTRACT","0xfbb1b73c4f0bda4f67dca266ce6ef42f520fbb98",NA
"177","CFI","Cofound.it",36,27,TRUE,FALSE,"ETH_CONTRACT","0xfbb1b73c4f0bda4f67dca266ce6ef42f520fbb98",NA
"178","BNT","Bancor",36,0.85,TRUE,FALSE,"ETH_CONTRACT","0xfbb1b73c4f0bda4f67dca266ce6ef42f520fbb98",NA
"179","NMR","Numeraire",36,0.15,TRUE,FALSE,"ETH_CONTRACT","0xfbb1b73c4f0bda4f67dca266ce6ef42f520fbb98",NA
"180","SNT","Status Network Token",36,20,TRUE,FALSE,"ETH_CONTRACT","0xfbb1b73c4f0bda4f67dca266ce6ef42f520fbb98",NA
"181","DCT","DECENT",2,0.1,TRUE,FALSE,"BITSHAREX","bittrex",NA
"182","XEL","Elastic",8,0.2,TRUE,FALSE,"NXT","XEL-AQVJ-PPCK-QJYJ-8T65V",NA
"183","MCO","Crypto.com",36,0.5,TRUE,FALSE,"ETH_CONTRACT","0xfbb1b73c4f0bda4f67dca266ce6ef42f520fbb98",NA
"184","ADT","adToken",36,43,TRUE,FALSE,"ETH_CONTRACT","0xfbb1b73c4f0bda4f67dca266ce6ef42f520fbb98",NA
"185","FUN","FunFair",36,49,TRUE,FALSE,"ETH_CONTRACT","0xfbb1b73c4f0bda4f67dca266ce6ef42f520fbb98",NA
"186","PAY","TenX Pay Token",36,2,TRUE,FALSE,"ETH_CONTRACT","0xfbb1b73c4f0bda4f67dca266ce6ef42f520fbb98",NA
"187","MTL","METAL",36,1.35,TRUE,FALSE,"ETH_CONTRACT","0xfbb1b73c4f0bda4f67dca266ce6ef42f520fbb98",NA
"188","STORJ","STORJ",36,3,TRUE,FALSE,"ETH_CONTRACT","0xfbb1b73c4f0bda4f67dca266ce6ef42f520fbb98",NA
"189","ADX","AdEx",36,3,TRUE,FALSE,"ETH_CONTRACT","0xfbb1b73c4f0bda4f67dca266ce6ef42f520fbb98",NA
"190","OMG","OmiseGO",36,0.35,TRUE,FALSE,"ETH_CONTRACT","0xfbb1b73c4f0bda4f67dca266ce6ef42f520fbb98",NA
"191","CVC","Civic",36,8,TRUE,FALSE,"ETH_CONTRACT","0xfbb1b73c4f0bda4f67dca266ce6ef42f520fbb98",NA
"192","PART","Particl",10,0.1,TRUE,FALSE,"BITCOIN",NA,NA
"193","QTUM","Qtum",20,0.01,TRUE,FALSE,"BITCOIN16",NA,NA
"194","BCH","Bitcoin Cash",6,0.001,TRUE,FALSE,"BITCOIN","1MDyWzZjhtM8h1vpDzoyi3Pe2KALsyE7FM",NA
"195","DNT","district0x",36,29,TRUE,FALSE,"ETH_CONTRACT","0xfbb1b73c4f0bda4f67dca266ce6ef42f520fbb98",NA
"196","ADA","Cardano",20,0.2,TRUE,FALSE,"ADA",NA,NA
"197","MANA","Decentraland",36,36,TRUE,FALSE,"ETH_CONTRACT","0xfbb1b73c4f0bda4f67dca266ce6ef42f520fbb98",NA
"198","SALT","Salt",36,0.6,TRUE,FALSE,"ETH_CONTRACT","0xfbb1b73c4f0bda4f67dca266ce6ef42f520fbb98",NA
"199","TIX","Blocktix",36,5,TRUE,FALSE,"ETH_CONTRACT","0xfbb1b73c4f0bda4f67dca266ce6ef42f520fbb98",NA
"200","RCN","Ripio Credit Network",36,16,TRUE,FALSE,"ETH_CONTRACT","0xfbb1b73c4f0bda4f67dca266ce6ef42f520fbb98",NA
"201","VIB","Viberate",36,13,TRUE,FALSE,"ETH_CONTRACT","0xfbb1b73c4f0bda4f67dca266ce6ef42f520fbb98",NA
"202","MER","Mercury",20,0.1,TRUE,FALSE,"WAVES_ASSET","3P31zvGdh6ai6JK6zZ18TjYzJsa1B83YPoj",NA
"203","POWR","PowerLedger",36,5,TRUE,FALSE,"ETH_CONTRACT","0xfbb1b73c4f0bda4f67dca266ce6ef42f520fbb98",NA
"204","BTG","Bitcoin Gold",6,0.001,TRUE,FALSE,"BITCOIN","GQNvdm4t6denxnZvGmM4Qvm6g9qH6iiCHD",NA
"205","ENG","Enigma",36,1,TRUE,FALSE,"ETH_CONTRACT","0xfbb1b73c4f0bda4f67dca266ce6ef42f520fbb98",NA
"206","UKG","UnikoinGold",36,5,TRUE,FALSE,"ETH_CONTRACT","0xfbb1b73c4f0bda4f67dca266ce6ef42f520fbb98",NA
"207","IGNIS","Ignis",30,2,TRUE,FALSE,"NXT","ARDOR-BG2F-QZ3B-H99Y-6PSGQ",NA
"208","SRN","Sirin Token",36,1,TRUE,FALSE,"ETH_CONTRACT","0xfbb1b73c4f0bda4f67dca266ce6ef42f520fbb98",NA
"209","WAX","Worldwide Asset Exchange",36,1,TRUE,FALSE,"ETH_CONTRACT","0xfbb1b73c4f0bda4f67dca266ce6ef42f520fbb98",NA
"210","ZRX","0x Protocol",36,1,TRUE,FALSE,"ETH_CONTRACT","0xfbb1b73c4f0bda4f67dca266ce6ef42f520fbb98",NA
"211","VEE","BLOCKv",36,1,TRUE,FALSE,"ETH_CONTRACT","0xfbb1b73c4f0bda4f67dca266ce6ef42f520fbb98",NA
"212","BCPT","BlockMason Credit Protocol",36,1,TRUE,FALSE,"ETH_CONTRACT","0xfbb1b73c4f0bda4f67dca266ce6ef42f520fbb98",NA
"213","TRX","Tron",20,0.003,TRUE,FALSE,"TRON","TAahLbGTZk6YuCycii72datPQEtyC5x231",NA
"214","TUSD","TrueUSD",36,1,TRUE,FALSE,"ETH_CONTRACT","0xfbb1b73c4f0bda4f67dca266ce6ef42f520fbb98",NA
"215","BTCP","Bitcoin Private",36,0.01,TRUE,FALSE,"BITCOIN","b1Hxdtt1ATg4uMZQ4SrDDdtbge43VGH3oBM",NA
"216","LRC","Loopring",36,1,TRUE,FALSE,"ETH_CONTRACT","0xfbb1b73c4f0bda4f67dca266ce6ef42f520fbb98",NA
"217","UP","UpToken",36,1,TRUE,FALSE,"ETH_CONTRACT","0xfbb1b73c4f0bda4f67dca266ce6ef42f520fbb98",NA
"218","DMT","DMarket",36,1,TRUE,FALSE,"ETH_CONTRACT","0xfbb1b73c4f0bda4f67dca266ce6ef42f520fbb98",NA
"219","POLY","Polymath",36,1,TRUE,FALSE,"ETH_CONTRACT","0xfbb1b73c4f0bda4f67dca266ce6ef42f520fbb98",NA
"220","PRO","Propy",36,1,TRUE,FALSE,"ETH_CONTRACT","0xfbb1b73c4f0bda4f67dca266ce6ef42f520fbb98",NA
"221","BLT","Bloom",36,1,TRUE,FALSE,"ETH_CONTRACT","0xfbb1b73c4f0bda4f67dca266ce6ef42f520fbb98",NA
"222","STORM","Storm",36,1,TRUE,FALSE,"ETH_CONTRACT","0xfbb1b73c4f0bda4f67dca266ce6ef42f520fbb98",NA
"223","AID","AidCoin",36,1,TRUE,FALSE,"ETH_CONTRACT","0xfbb1b73c4f0bda4f67dca266ce6ef42f520fbb98",NA
"224","NGC","Naga",36,1,TRUE,FALSE,"ETH_CONTRACT","0xfbb1b73c4f0bda4f67dca266ce6ef42f520fbb98",NA
"225","GTO","Gifto",36,1,TRUE,FALSE,"ETH_CONTRACT","0xfbb1b73c4f0bda4f67dca266ce6ef42f520fbb98",NA
"226","OCN","Odyssey",36,1,TRUE,FALSE,"ETH_CONTRACT","0xfbb1b73c4f0bda4f67dca266ce6ef42f520fbb98",NA
"227","USD","US Dollar",1,0,TRUE,FALSE,"FIAT",NA,NA
"228","TUBE","BitTube",20,0.01,TRUE,FALSE,"CRYPTO_NOTE_PAYMENTID","bxdLhsWY56SNjVN2aQ5Yyb6hhCFfAQJVbYszWCUjeDTJMgHad8wZbNJBdrvujZzPvRY2X5AiWdTDCP626s4WbHcG1TYdEot9f",NA
"229","CBC","CashBet",36,1,TRUE,FALSE,"ETH_CONTRACT","0xfbb1b73c4f0bda4f67dca266ce6ef42f520fbb98",NA
"230","CMCT","Crowd Machine",36,1,TRUE,FALSE,"ETH_CONTRACT","0xfbb1b73c4f0bda4f67dca266ce6ef42f520fbb98",NA
"231","NLC2","NoLimitCoin",20,0.1,TRUE,FALSE,"BITCOIN",NA,NA
"232","BKX","Bankex",36,1,TRUE,FALSE,"ETH_CONTRACT","0xfbb1b73c4f0bda4f67dca266ce6ef42f520fbb98",NA
"233","MFT","Mainframe",36,1,TRUE,FALSE,"ETH_CONTRACT","0xfbb1b73c4f0bda4f67dca266ce6ef42f520fbb98",NA
"234","LOOM","Loom Network",36,1,TRUE,FALSE,"ETH_CONTRACT","0xfbb1b73c4f0bda4f67dca266ce6ef42f520fbb98",NA
"235","RFR","Refereum",36,1,TRUE,FALSE,"ETH_CONTRACT","0xfbb1b73c4f0bda4f67dca266ce6ef42f520fbb98",NA
"236","RVN","RavenCoin",150,0.1,TRUE,FALSE,"BITCOIN",NA,NA
"237","BFT","BnkToTheFuture",36,1,TRUE,FALSE,"ETH_CONTRACT","0xfbb1b73c4f0bda4f67dca266ce6ef42f520fbb98",NA
"238","GO","GoChain",80,0.01,TRUE,FALSE,"ETH","0x37c87985c838f22f915c90440d5a150eb04163f3",NA
"239","HYDRO","Hydro",36,1,TRUE,FALSE,"ETH_CONTRACT","0xfbb1b73c4f0bda4f67dca266ce6ef42f520fbb98",NA
"240","UPP","Sentinel Protocol",36,1,TRUE,FALSE,"ETH_CONTRACT","0xfbb1b73c4f0bda4f67dca266ce6ef42f520fbb98",NA
"241","ENJ","Enjin",36,1,TRUE,FALSE,"ETH_CONTRACT","0xfbb1b73c4f0bda4f67dca266ce6ef42f520fbb98",NA
"242","MET","Metronome",36,1,TRUE,FALSE,"ETH_CONTRACT","0xfbb1b73c4f0bda4f67dca266ce6ef42f520fbb98",NA
"243","DTA","Data",36,1,TRUE,FALSE,"ETH_CONTRACT","0xfbb1b73c4f0bda4f67dca266ce6ef42f520fbb98",NA
"244","EDR","Endor",36,1,TRUE,FALSE,"ETH_CONTRACT","0xfbb1b73c4f0bda4f67dca266ce6ef42f520fbb98",NA
"245","BOXX","Blockparty",36,1,TRUE,FALSE,"ETH_CONTRACT","0xfbb1b73c4f0bda4f67dca266ce6ef42f520fbb98",NA
"246","IHT","I-House Token",36,1,TRUE,FALSE,"ETH_CONTRACT","0xfbb1b73c4f0bda4f67dca266ce6ef42f520fbb98",NA
"247","XHV","Haven Protocol",20,0.01,TRUE,FALSE,"CRYPTO_NOTE_PAYMENTID","hvxyFVTrt3WJ4iuKD6QdXLakPLLwcKH7V2kygVtwWcU9JQSbotVhQkZNijkrmq4sjrghe1bvKeHGacSRztz8XpNL6AKa5U2erC",NA
"248","NPXS","Pundi X",36,1,TRUE,TRUE,"ETH_CONTRACT","0xfbb1b73c4f0bda4f67dca266ce6ef42f520fbb98",NA
"249","PMA","PumaPay",36,1,TRUE,FALSE,"ETH_CONTRACT","0xfbb1b73c4f0bda4f67dca266ce6ef42f520fbb98",NA
"250","PAL","PAL Network",36,1,TRUE,FALSE,"ETH_CONTRACT","0xfbb1b73c4f0bda4f67dca266ce6ef42f520fbb98",NA
"251","PAX","Paxos Standard",36,1,TRUE,FALSE,"ETH_CONTRACT","0xfbb1b73c4f0bda4f67dca266ce6ef42f520fbb98",NA
"252","ZIL","Zilliqa",36,1,TRUE,TRUE,"ETH_CONTRACT","0xfbb1b73c4f0bda4f67dca266ce6ef42f520fbb98",NA
"253","MOC","Mossland",36,1,TRUE,TRUE,"ETH_CONTRACT","0xfbb1b73c4f0bda4f67dca266ce6ef42f520fbb98",NA
"254","OST","Simple Token",36,1,TRUE,TRUE,"ETH_CONTRACT","0xfbb1b73c4f0bda4f67dca266ce6ef42f520fbb98",NA
"255","SPC","SpaceChain",36,1,TRUE,FALSE,"ETH_CONTRACT","0xfbb1b73c4f0bda4f67dca266ce6ef42f520fbb98",NA
