"","telegroup","username","datetime","Symbol","dex","pair","open_price","high_price","low_price","close_price","views","volumeto","volumeto_before","pump_gain","dump_loss","withdata","reprate","withcryptopiadata"
"2","Signals Lion","PrivateLionGroup",2018-10-28 20:00:00,"GNO","Cryptopia","BTC",0.002903,0.002904,0.002904,0.002904,NA,0.001551,0.009231,0.000344471236651636,0,TRUE,0.275,TRUE
"3","CryptoMoon Pumps","CryptoMoonPumpGroup",2018-10-28 19:00:00,"KRONE","Cryptopia","BTC",3.2e-07,3.2e-07,3.2e-07,3.2e-07,161,8e-04,0.0005773,0,0,TRUE,0.277310924369748,TRUE
"4","Official McAfee Pump Signals","officialmcafeepumpsignals",2018-10-28 17:59:00,"CL","Cryptopia","BTC",9e-07,9e-07,9e-07,8.3e-07,NA,0.04245,0.021545,0,-0.0777777777777777,TRUE,0.271186440677966,TRUE
"6","CryptoMoon Pumps","CryptoMoonPumpGroup",2018-10-27 21:01:00,"RKC","Cryptopia","BTC",4.8e-07,4.8e-07,4.8e-07,4.5e-07,161,0.024136,0.02933,0,-0.0625,TRUE,0.273504273504274,TRUE
"7","??Robin HOOD??","robingoodsignal",2018-10-27 20:00:00,"UMO","Cryptopia","BTC",2.39e-06,2.63e-06,2.39e-06,2.63e-06,480,0.004984,0.004424,0.100418410041841,0,TRUE,0.275862068965517,TRUE
"8","Crypto Bulls Pump ®??","cryptobullspumpvip",2018-10-27 20:00:00,"SOON","Cryptopia","BTC",4e-07,4e-07,4e-07,4e-07,653,0,0.0039103,0,0,TRUE,0.275862068965517,TRUE
"10","Optimus Pump","optimus_pump",2018-10-27 18:00:00,"ALIS","Cryptopia","BTC",7.85e-06,7.85e-06,7.85e-06,7.85e-06,NA,0.0005495,0,0,0,TRUE,0.271929824561404,TRUE
"11","Super Pumps &amp; Signal Kings","superpumpssignalkings",2018-10-27 16:59:00,"DARK","Cryptopia","BTC",3.06e-06,3.06e-06,3.06e-06,3.06e-06,NA,0,0.016047,0,0,TRUE,0.265486725663717,TRUE
"12","Crypto Pump Island","crypto_pump_island",2018-10-27 16:00:00,"HAC","Cryptopia","BTC",3.6e-07,3.6e-07,3.6e-07,3.6e-07,320,0,0.003878,0,0,TRUE,0.267857142857143,TRUE
"13","Crypto Family Pumps","CryptoFamilyPumps",2018-10-25 20:29:00,"XPTX","Cryptopia","BTC",2.5e-05,2.684e-05,2.451e-05,2.448e-05,779,0.015308,0.21616,0.0736,-0.0879284649776454,TRUE,0.27027027027027,TRUE
"14","??Robin HOOD??","robingoodsignal",2018-10-25 20:00:00,"SRC","Cryptopia","BTC",1.03e-06,1.04e-06,1.04e-06,1.04e-06,975,0.001955,0.023711,0.00970873786407758,0,TRUE,0.263636363636364,TRUE
"16","Crypto Pump Island","crypto_pump_island",2018-10-23 16:00:00,"FLAX","Cryptopia","BTC",5e-07,5.8e-07,5.8e-07,5.8e-07,985,0.02806,0.008199,0.16,0,TRUE,0.256880733944954,TRUE
"18","Official McAfee Pump Signals","officialmcafeepumpsignals",2018-10-22 20:29:00,"FANS","Cryptopia","BTC",NA,NA,NA,NA,NA,NA,NA,NA,NA,FALSE,0.25,FALSE
"19","Super Pumps &amp; Signal Kings","superpumpssignalkings",2018-10-22 19:59:00,"MATRX","Cryptopia","BTC",1.3e-07,1.3e-07,1.3e-07,1.3e-07,NA,0.007348,0.017855,0,0,TRUE,0.252336448598131,TRUE
"20","Super Signals","pumpsxxx",2018-10-21 19:59:00,"EDC","Cryptopia","BTC",6e-08,6e-08,6e-08,6e-08,NA,0,0,0,0,TRUE,0.245283018867925,TRUE
"22","Crypto Bulls Pump ®??","cryptobullspumpvip",2018-10-20 19:00:00,"FLAX","Cryptopia","BTC",4.6e-07,4.6e-07,4.2e-07,3.6e-07,653,0.004937,0.003312,0,-0.217391304347826,TRUE,0.238095238095238,TRUE
"23","Crypto Pump Island","crypto_pump_island",2018-10-20 16:00:00,"PCOIN","Cryptopia","BTC",1.3e-06,1.5e-06,1.3e-06,1.1e-06,819,0.055124,0.031041,0.153846153846154,-0.266666666666667,TRUE,0.230769230769231,TRUE
"26","?? Cryptopia Signal ??","cryptopiaPumpp",2018-10-19 12:00:00,"IXC","Cryptopia","BTC",3.9e-06,3.91e-06,3.8e-06,3.8e-06,489,0.008926,0.0181575,0.00256410256410254,-0.0281329923273657,TRUE,0.233009708737864,TRUE
"27","Super Pumps &amp; Signal Kings","superpumpssignalkings",2018-10-18 21:29:00,"KOBO","Cryptopia","BTC",3.01e-06,3.01e-06,3.01e-06,2.64e-06,NA,0.005339,0.0169934,0,-0.122923588039867,TRUE,0.235294117647059,TRUE
"28","Signals Lion","PrivateLionGroup",2018-10-18 19:55:00,"TAJ","Cryptopia","BTC",5.4e-07,5.7e-07,5.4e-07,5.7e-07,NA,0.006706,0.004922,0.0555555555555556,0,TRUE,0.237623762376238,TRUE
"31","??Cryptopia Pump Community????","Cryptopia_PumpCommunity",2018-10-17 19:30:00,"SDRN","Cryptopia","BTC",4e-07,7.3e-07,4.5e-07,5.5e-07,NA,0.23828,0.06329,0.825,-0.246575342465753,TRUE,0.24,TRUE
"32","CAMP(Crypto &amp; Massive Pumps)","ExeCrypto",2018-10-16 16:29:00,"GRW","Cryptopia","BTC",9e-08,9e-08,8e-08,8e-08,217,0.009076,5e-04,0,-0.111111111111111,TRUE,0.242424242424242,TRUE
"33","Crypto Pump Island","crypto_pump_island",2018-10-16 16:00:00,"DRXNE","Cryptopia","BTC",1.3e-07,1.3e-07,1.3e-07,1.3e-07,981,0,0.005909,0,0,TRUE,0.244897959183673,TRUE
"34","Super Pumps &amp; Signal Kings","superpumpssignalkings",2018-10-15 19:29:00,"NEVA","Cryptopia","BTC",3.42e-06,3.42e-06,3.42e-06,3.4e-06,NA,0.0006019,0.0022982,0,-0.00584795321637421,TRUE,0.247422680412371,TRUE
"35","Donald Pump","DonaldPumpCrypto",2018-10-14 20:00:00,"ALL","Cryptopia","BTC",6.5e-07,6.8e-07,6.5e-07,6.8e-07,592,0.006945,0.06,0.046153846153846,0,TRUE,0.25,TRUE
"39","Official McAfee Pump Signals","officialmcafeepumpsignals",2018-10-12 20:29:00,"FT","Cryptopia","BTC",2.23e-06,2.23e-06,2.23e-06,2.23e-06,NA,0,0.147443,0,0,TRUE,0.252631578947368,TRUE
"40","Signals Lion","PrivateLionGroup",2018-10-11 20:00:00,"MAC","Cryptopia","BTC",9.4e-07,9.5e-07,9.5e-07,9.5e-07,NA,0.002624,0.0077708,0.0106382978723404,0,TRUE,0.25531914893617,TRUE
"41","CAMP(Crypto &amp; Massive Pumps)","ExeCrypto",2018-10-10 21:00:00,"C2","Cryptopia","BTC",1.5e-07,2e-07,1.5e-07,2e-07,263,0.001911,0.0003127,0.333333333333333,0,TRUE,0.258064516129032,TRUE
"43","Crypto Pump Island","crypto_pump_island",2018-10-10 16:00:00,"SKR","Cryptopia","BTC",1.7e-07,1.7e-07,1.7e-07,1.7e-07,1235,0,0.0007608,0,0,TRUE,0.260869565217391,TRUE
"44","CAMP(Crypto &amp; Massive Pumps)","ExeCrypto",2018-10-09 20:59:00,"CQST","Cryptopia","BTC",8e-08,8e-08,8e-08,8e-08,261,0.000998,0.011963,0,0,TRUE,0.263736263736264,TRUE
"45","??DUTCH CRYPTO PUMPS!??","nederlandsecryptopumps",2018-10-09 20:37:00,"CON","Cryptopia","BTC",2e-07,2e-07,2e-07,1.8e-07,134,0.02366,0,0,-0.1,TRUE,0.266666666666667,TRUE
"47","Signal Plug ????","Signal_Plug",2018-10-09 20:00:00,"XZX","Cryptopia","BTC",NA,NA,NA,NA,NA,NA,NA,NA,NA,FALSE,0.258426966292135,FALSE
"48","Super Pumps &amp; Signal Kings","superpumpssignalkings",2018-10-08 20:59:00,"PEPE","Cryptopia","BTC",6.14e-06,6.14e-06,6.14e-06,6.14e-06,NA,0,0.0269848,0,0,TRUE,0.25,TRUE
"49","Signals Lion","PrivateLionGroup",2018-10-08 19:59:00,"KING","Cryptopia","BTC",3.8e-07,4.7e-07,4.7e-07,4.7e-07,NA,0.01825,0.001739,0.236842105263158,0,TRUE,0.241379310344828,TRUE
"50","Private Group For Pump","PrivateGroupforpump",2018-10-08 17:59:00,"FUZZ","Cryptopia","BTC",1.17e-06,1.17e-06,1.17e-06,1.17e-06,NA,0,0.006758,0,0,TRUE,0.232558139534884,TRUE
"51","Official McAfee Pump Signals","officialmcafeepumpsignals",2018-10-07 19:29:00,"XPTX","Cryptopia","BTC",3.097e-05,3.097e-05,3.097e-05,2.674e-05,NA,0.035245,0.04094,0,-0.136583790765257,TRUE,0.223529411764706,TRUE
"52","Private Group For Pump","PrivateGroupforpump",2018-10-06 20:30:00,"DOPE","Cryptopia","BTC",1.49e-06,1.49e-06,1.49e-06,1.49e-06,NA,0.004119,0.0007105,0,0,TRUE,0.226190476190476,TRUE
"54","Cryptopia Pump Squad","cryptoflashsignals",2018-10-05 20:30:00,"SIB","Cryptopia","BTC",2.438e-05,2.438e-05,2.4e-05,2.393e-05,329,0.0183579,0.041817,0,-0.0184577522559475,TRUE,0.228915662650602,TRUE
"55","Donald Pump","DonaldPumpCrypto",2018-10-05 20:00:00,"FROST","Cryptopia","BTC",NA,NA,NA,NA,NA,NA,NA,NA,NA,FALSE,0.219512195121951,FALSE
"58","Shark Pump Signals","Sharkpumpsignals",2018-10-04 19:00:00,"FRN","Cryptopia","BTC",9e-07,9.1e-07,9.1e-07,9.1e-07,NA,0.005055,0,0.0111111111111111,0,TRUE,0.222222222222222,TRUE
"59","??Crypto Coinsultants??","cryptocoinsultants07",2018-10-03 20:07:00,"LDC","Cryptopia","BTC",NA,NA,NA,NA,NA,NA,NA,NA,NA,TRUE,0.225,FALSE
"60","Crypto Pump Island","crypto_pump_island",2018-10-03 16:00:00,"BEEZ","Cryptopia","BTC",2.2e-07,2.2e-07,2.2e-07,2.2e-07,881,0,0.008684,0,0,TRUE,0.227848101265823,TRUE
"61","Cryptopia Pump Squad","cryptoflashsignals",2018-10-02 20:29:00,"IVY","Cryptopia","BTC",2.55e-06,2.57e-06,2.45e-06,2.45e-06,413,0.0496171,0.12254,0.00784313725490189,-0.0466926070038911,TRUE,0.217948717948718,TRUE
"62","Private Group For Pump","PrivateGroupforpump",2018-10-02 20:00:00,"EGC","Cryptopia","BTC",1.005e-05,1.005e-05,9.56e-06,9.55e-06,NA,0.0021272,0.023569,0,-0.0497512437810946,TRUE,0.220779220779221,TRUE
"63","??Crypto Coinsultants??","cryptocoinsultants07",2018-10-01 20:07:00,"CON","Cryptopia","BTC",2.3e-07,2.3e-07,1.9e-07,2.2e-07,105,0.00473,0.000958,0,-0.0434782608695651,TRUE,0.223684210526316,TRUE
"64","??Cryptopia Pump Community????","Cryptopia_PumpCommunity",2018-10-01 18:00:00,"SOON","Cryptopia","BTC",6e-07,6e-07,6e-07,5.4e-07,NA,0.005971,0,0,-0.0999999999999999,TRUE,0.226666666666667,TRUE
"67","Hit Pump Signals &amp; Strategies","hitpumpsandsignals",2018-09-30 20:00:00,"SYNX","Cryptopia","BTC",7.93e-06,7.93e-06,7.93e-06,7.93e-06,1847,0,0.025257,0,0,TRUE,0.216216216216216,TRUE
"68","Private Group For Pump","PrivateGroupforpump",2018-09-30 19:30:00,"CAN","Cryptopia","BTC",7.74e-06,7.74e-06,7.56e-06,7.56e-06,NA,0.01354,0.0009104,0,-0.0232558139534885,TRUE,0.205479452054795,TRUE
"70","Crypto Pump Island","crypto_pump_island",2018-09-30 16:00:00,"KING","Cryptopia","BTC",4.2e-07,4.2e-07,3.6e-07,3.5e-07,818,0.01671,0.001105,0,-0.166666666666667,TRUE,0.208333333333333,TRUE
"72","Private Group For Pump","PrivateGroupforpump",2018-09-29 19:30:00,"OXY","Cryptopia","BTC",5.43e-06,5.45e-06,5.43e-06,5.1e-06,NA,0.019945,0.0335531,0.00368324125230215,-0.0642201834862385,TRUE,0.211267605633803,TRUE
"74","Signals Lion","PrivateLionGroup",2018-09-28 20:00:00,"PEPE","Cryptopia","BTC",5.12e-06,5.26e-06,5.15e-06,5.15e-06,NA,0.002523,0.003305,0.0273437499999999,-0.0209125475285171,TRUE,0.214285714285714,TRUE
"75","Pump Machine ??","cryptobullspumpvip",2018-09-28 19:00:00,"BCPT","Cryptopia","BTC",1.392e-05,1.769e-05,1.444e-05,1.701e-05,NA,0.08253,0.0222,0.270833333333333,-0.0384397964951949,TRUE,0.217391304347826,TRUE
"77","Private Group For Pump","PrivateGroupforpump",2018-09-27 20:00:00,"SYNX","Cryptopia","BTC",7.31e-06,7.59e-06,7.59e-06,7.35e-06,NA,0.004326,0.06965,0.0383036935704514,-0.0316205533596838,TRUE,0.220588235294118,TRUE
"79","Crypto Pump Island","crypto_pump_island",2018-09-27 16:00:00,"MATRX","Cryptopia","BTC",1.4e-07,1.7e-07,1.4e-07,1.7e-07,833,0.005062,0.006924,0.214285714285714,0,TRUE,0.223880597014925,TRUE
"81","Cryptopia Pump Squad","cryptoflashsignals",2018-09-25 20:29:00,"SPR","Cryptopia","BTC",1.444e-05,1.549e-05,1.422e-05,1.389e-05,344,0.034146,0.053425,0.0727146814404431,-0.103292446739832,TRUE,0.212121212121212,TRUE
"82","Private Group For Pump","PrivateGroupforpump",2018-09-25 18:00:00,"SPR","Cryptopia","BTC",1.499e-05,1.549e-05,1.444e-05,1.536e-05,NA,0.039435,4.46735,0.0333555703802534,-0.00839251129761139,TRUE,0.2,TRUE
"84","Super Pumps &amp; Signal Kings","superpumpssignalkings",2018-09-24 21:00:00,"ERY","Cryptopia","BTC",5.4e-07,5.4e-07,4.5e-07,4.1e-07,NA,0.00162,0.020182,0,-0.240740740740741,TRUE,0.1875,TRUE
"85","Crypto Yoda Signals","thecryptoyoda",2018-09-24 20:00:00,"YOVI","Cryptopia","BTC",2.77e-06,2.77e-06,2.77e-06,2.77e-06,378,0,0.007797,0,0,TRUE,0.174603174603175,TRUE
"86","Private Group For Pump","PrivateGroupforpump",2018-09-24 18:00:00,"AUR","Cryptopia","BTC",5.159e-05,5.2e-05,5.2e-05,5.2e-05,NA,0.1193099,0.01965,0.00794727660399298,0,TRUE,0.17741935483871,TRUE
"87","Crypto Pump Island","crypto_pump_island",2018-09-24 16:00:00,"WSP","Cryptopia","BTC",NA,NA,NA,NA,NA,NA,NA,NA,NA,FALSE,0.180327868852459,FALSE
"88","Donald Pump","DonaldPumpCrypto",2018-09-23 19:00:00,"SIB","Cryptopia","BTC",3.429e-05,3.718e-05,3.714e-05,3.714e-05,468,0.005609,0.134029,0.0842811315252261,-0.00107584722969337,TRUE,0.183333333333333,TRUE
"89","CAMP(Crypto &amp; Massive Pumps)","ExeCrypto",2018-09-23 15:00:00,"MST","Cryptopia","BTC",1.345e-05,1.345e-05,1.345e-05,1.312e-05,411,0.003234,0.007834,0,-0.0245353159851301,TRUE,0.186440677966102,TRUE
"92","Yobit Pumping Crazy Community™","cryptosignalcrazy",2018-09-22 18:00:00,"ALIS","Cryptopia","BTC",6.5e-06,6.5e-06,6.5e-06,6.5e-06,NA,0,0.0042,0,0,TRUE,0.189655172413793,TRUE
"98","CAMP(Crypto &amp; Massive Pumps)","ExeCrypto",2018-09-21 03:00:00,"WW","Cryptopia","BTC",2.5e-07,2.5e-07,2.5e-07,2.5e-07,383,0,0,0,0,TRUE,0.192982456140351,TRUE
"100","Crypto Pump Island","crypto_pump_island",2018-09-20 16:00:00,"SPR","Cryptopia","BTC",1.563e-05,1.563e-05,1.563e-05,1.554e-05,905,0.003001,0.00861,0,-0.00575815738963537,TRUE,0.196428571428571,TRUE
"101","Signals Lion","PrivateLionGroup",2018-09-19 20:11:00,"RC","Cryptopia","BTC",1.558e-05,1.6e-05,1.6e-05,1.6e-05,NA,0.0023518,0,0.0269576379974326,0,TRUE,0.2,TRUE
"107","Crypto Pump Island","crypto_pump_island",2018-09-17 16:00:00,"UBT","Cryptopia","BTC",NA,NA,NA,NA,NA,NA,NA,NA,NA,TRUE,0.185185185185185,FALSE
"108","Hit Pump Signals &amp; Strategies","hitpumpsandsignals",2018-09-16 18:00:00,"CNO","Cryptopia","BTC",1.5e-07,1.5e-07,1.5e-07,1.5e-07,1896,0.004016,0.26164,0,0,TRUE,0.188679245283019,TRUE
"112","Cryptopia Pump Squad","cryptoflashsignals",2018-09-13 20:30:00,"BCS","Cryptopia","BTC",NA,NA,NA,NA,NA,NA,NA,NA,NA,TRUE,0.192307692307692,FALSE
"114","Crypto Pump Island","crypto_pump_island",2018-09-13 16:00:00,"EVO","Cryptopia","BTC",1.31e-06,1.31e-06,1.31e-06,1.31e-06,931,0,0.04222,0,0,TRUE,0.196078431372549,TRUE
"115","Signalsgram","Signalsgram",2018-09-12 20:30:00,"RC","Cryptopia","BTC",1.652e-05,1.652e-05,1.652e-05,1.515e-05,NA,0.0053354,0.023807,0,-0.0829297820823245,TRUE,0.2,TRUE
"116","Official McAfee Signals","officialmcafeepumpsignals",2018-09-12 19:30:00,"ATH","Cryptopia","BTC",NA,NA,NA,NA,NA,NA,NA,NA,NA,TRUE,0.204081632653061,FALSE
"119","Crypto Pump Island","crypto_pump_island",2018-09-10 16:00:00,"FUZZ","Cryptopia","BTC",8.3e-07,8.3e-07,7.1e-07,7.1e-07,931,0.003236,0.0012074,0,-0.144578313253012,TRUE,0.208333333333333,TRUE
"122","Pump'N'Pump - 2018","pumpn",2018-09-09 16:00:00,"MATRX","Cryptopia","BTC",1.5e-07,1.5e-07,1.5e-07,1.5e-07,NA,0,0.003815,0,0,TRUE,0.212765957446809,TRUE
"123","CAMP(Crypto &amp; Massive Pumps)","ExeCrypto",2018-09-09 14:00:00,"ALEX","Cryptopia","BTC",1.002e-05,1.002e-05,1.001e-05,1.001e-05,373,0.001804,0.0048057,0,-0.000998003992015958,TRUE,0.217391304347826,TRUE
"125","Signalsgram","Signalsgram",2018-09-07 20:00:00,"611","Cryptopia","BTC",1.566e-05,1.65e-05,1.65e-05,1.65e-05,NA,0.005028,0.017671,0.0536398467432952,0,TRUE,0.222222222222222,TRUE
"127","Shark Pump Signals","Sharkpumpsignals",2018-09-07 17:59:00,"SPT","Cryptopia","BTC",2.6e-07,2.6e-07,2.6e-07,2.6e-07,NA,0,0,0,0,TRUE,0.227272727272727,TRUE
"128","Cryptopia Pump Squad","cryptoflashsignals",2018-09-06 20:15:00,"BNC","Cryptopia","BTC",0.00021,0.0002368,0.00021,0.0002368,349,0.002368,0.05819,0.127619047619048,0,TRUE,0.232558139534884,TRUE
"129","Donald Pump","DonaldPumpCrypto",2018-09-06 20:00:00,"CMT","Cryptopia","BTC",0,0,0,0,349,0,0,NA,NA,TRUE,0.214285714285714,TRUE
"131","Crypto Pump Island","crypto_pump_island",2018-09-06 16:00:00,"ERY","Cryptopia","BTC",5.7e-07,5.7e-07,5.4e-07,5.4e-07,1250,0.001188,0.0010598,0,-0.0526315789473685,TRUE,0.219512195121951,TRUE
"132","Official McAfee Signals","officialmcafeepumpsignals",2018-09-05 19:30:00,"WHL","Cryptopia","BTC",2.81e-06,2.82e-06,2.81e-06,2.81e-06,NA,0.023969,0.039009,0.00355871886120993,-0.00354609929078011,TRUE,0.225,TRUE
"133","Bomba bitcoin ""cryptopia""","bombabitcoin1",2018-09-05 13:47:00,"RBY","Cryptopia","BTC",5.151e-05,5.183e-05,5.151e-05,5.183e-05,111,0.007154,0.002472,0.00621238594447674,0,TRUE,0.230769230769231,TRUE
"134","??Crypto Millionaire??","cryptocoinsultants07",2018-09-04 20:07:00,"MGX","Cryptopia","BTC",6.601e-05,6.689e-05,6.601e-05,6.604e-05,113,0.010038,0.237,0.0133313134373581,-0.0127074301091345,TRUE,0.236842105263158,TRUE
"135","Pump'N'Pump - 2018","pumpn",2018-09-04 15:00:00,"SRC","Cryptopia","BTC",1.12e-06,1.12e-06,1.12e-06,1.12e-06,NA,0,0.012868,0,0,TRUE,0.243243243243243,TRUE
"137","Crypto Pump Island","crypto_pump_island",2018-09-03 16:00:00,"BDL","Cryptopia","BTC",2.5e-07,2.5e-07,2.5e-07,2.5e-07,1103,0.002519,0,0,0,TRUE,0.25,TRUE
"138","Super Pumps &amp; Signal Kings","superpumpssignalkings",2018-09-02 21:00:00,"STV","Cryptopia","BTC",1.9e-06,1.9e-06,1.9e-06,1.9e-06,NA,0,0,0,0,TRUE,0.257142857142857,TRUE
"139","??Crypto Millionaire??","cryptocoinsultants07",2018-09-02 20:07:00,"POST","Cryptopia","BTC",1.06e-06,1.2e-06,1.06e-06,1.2e-06,105,0.003127,0.00396,0.132075471698113,0,TRUE,0.235294117647059,TRUE
"143","Bomba bitcoin ""cryptopia""","bombabitcoin1",2018-08-31 20:07:00,"OPCX","Cryptopia","BTC",NA,NA,NA,NA,NA,NA,NA,NA,NA,FALSE,0.242424242424242,FALSE
"145","Pump'N'Pump - 2018","pumpn",2018-08-31 15:00:00,"CAT","Cryptopia","BTC",1.982e-05,1.987e-05,1.987e-05,1.987e-05,NA,0.020851,0.0005489,0.00252270433905152,0,TRUE,0.25,TRUE
"146","Cryptopia Pump Squad","cryptoflashsignals",2018-08-30 20:01:00,"FLAX","Cryptopia","BTC",6.1e-07,6.9e-07,6.1e-07,6.9e-07,417,0.0006936,0,0.131147540983607,0,TRUE,0.258064516129032,TRUE
"148","Crypto Pump Island","crypto_pump_island",2018-08-30 16:00:00,"GRN","Cryptopia","BTC",1.7e-07,2e-07,2e-07,2e-07,1606,0.00124,0.010197,0.176470588235294,0,TRUE,0.266666666666667,TRUE
"149","Pump'N'Pump - 2018","pumpn",2018-08-29 15:00:00,"EVIL","Cryptopia","BTC",9.7e-07,9.7e-07,9.7e-07,9.7e-07,NA,0.007702,0.004826,0,0,TRUE,0.241379310344828,TRUE
"152","Crypto Pump Island","crypto_pump_island",2018-08-27 16:00:00,"BERN","Cryptopia","BTC",1.4e-07,1.5e-07,1.5e-07,1.5e-07,916,0.003531,0.02404,0.0714285714285713,0,TRUE,0.25,TRUE
"153","Donald Pump","DonaldPumpCrypto",2018-08-26 20:00:00,"SHRM","Cryptopia","BTC",0.0001839,0.0001839,0.0001826,0.0001826,623,0.003767,0.027072,0,-0.00706905927134315,TRUE,0.259259259259259,TRUE
"154","Hit Pump Signals &amp; Strategies","hitpumpsandsignals",2018-08-22 19:00:00,"XZX","Cryptopia","BTC",NA,NA,NA,NA,NA,NA,NA,NA,NA,FALSE,0.269230769230769,FALSE
"157","Hit Pump Signals &amp; Strategies","hitpumpsandsignals",2018-08-19 19:00:00,"DIM","Cryptopia","BTC",3.7e-07,3.7e-07,3.7e-07,3.6e-07,2365,0.0008755,0.010351,0,-0.0270270270270271,TRUE,0.28,TRUE
"158","Donald Pump","DonaldPumpCrypto",2018-08-18 18:00:00,"CACH","Cryptopia","BTC",1.2e-06,1.2e-06,1.2e-06,1.2e-06,687,0,0.040976,0,0,TRUE,0.291666666666667,TRUE
"160","Pump Signals","Cryptopumps55",2018-08-16 19:00:00,"BIP","Cryptopia","BTC",NA,NA,NA,NA,NA,NA,NA,NA,NA,FALSE,0.260869565217391,FALSE
"161","Crypto Pump Island","crypto_pump_island",2018-08-16 16:00:00,"ARI","Cryptopia","BTC",1e-07,1.3e-07,1.3e-07,1.3e-07,833,0.001503,0.043146,0.3,0,TRUE,0.272727272727273,TRUE
"163","Bitcoin Pump Signal ™","bitcoin_pump_signal",2018-08-15 19:00:00,"GRN","Cryptopia","BTC",3.1e-07,3.2e-07,3.1e-07,3.2e-07,NA,0.061048,0.0042398,0.0322580645161291,0,TRUE,0.285714285714286,TRUE
"167","Rocket Crypto Pump Signals &amp; Strategies","rocketpumptrader",2018-08-13 20:01:00,"COAL","Cryptopia","BTC",8e-07,8e-07,8e-07,8e-07,NA,0.0006843,0.009153,0,0,TRUE,0.25,TRUE
"169","Crypto Pump Island","crypto_pump_island",2018-08-13 16:00:00,"BEEZ","Cryptopia","BTC",2.8e-07,2.8e-07,2.8e-07,2.5e-07,663,0.001892,0.045376,0,-0.107142857142857,TRUE,0.263157894736842,TRUE
"172","Crypto Pump Island","crypto_pump_island",2018-08-10 16:00:00,"FC2","Cryptopia","BTC",3.1e-07,3.1e-07,3.1e-07,3.1e-07,734,0,0.001408,0,0,TRUE,0.222222222222222,TRUE
"174","Donald Pump","DonaldPumpCrypto",2018-08-08 20:30:00,"INPAY","Cryptopia","BTC",4.45e-06,4.52e-06,4.4e-06,4.4e-06,573,0.037526,0.006872,0.0157303370786517,-0.0265486725663716,TRUE,0.176470588235294,TRUE
"175","Bitcoin Pump Signal ™","bitcoin_pump_signal",2018-08-08 20:00:00,"STV","Cryptopia","BTC",1.75e-06,1.75e-06,1.75e-06,1.75e-06,NA,0,0.003414,0,0,TRUE,0.1875,TRUE
"177","The Crypto Analyst","TheCryptoAnalysts",2018-08-07 19:11:00,"QBT","Cryptopia","BTC",2.4e-07,2.4e-07,2.4e-07,2.4e-07,NA,0,0.01065,0,0,TRUE,0.2,TRUE
"178","Crypto Pump Island","crypto_pump_island",2018-08-07 16:00:00,"ELM","Cryptopia","BTC",3e-07,3e-07,3e-07,3e-07,855,0.002596,0.019819,0,0,TRUE,0.142857142857143,TRUE
"179","??Crypto Millionaire??","cryptocoinsultants07",2018-08-06 19:00:00,"GRN","Cryptopia","BTC",3.1e-07,3.3e-07,3.2e-07,3.2e-07,251,0.001407,0,0.0645161290322581,-0.0303030303030303,TRUE,0.153846153846154,TRUE
"180","Crypto Yoda Signals","thecryptoyoda",2018-08-05 19:00:00,"BNC","Cryptopia","BTC",1e-04,0.0001091,0.0001091,0.0001091,1052,0.001713,0.0139231,0.0909999999999999,0,TRUE,0.166666666666667,TRUE
"181","Bitcoin Pump Signal ™","bitcoin_pump_signal",2018-08-03 19:00:00,"CACH","Cryptopia","BTC",1.12e-06,1.12e-06,1.12e-06,1.06e-06,NA,0.002646,0.013668,0,-0.0535714285714286,TRUE,0.0909090909090909,TRUE
"183","Crypto Pump Island","crypto_pump_island",2018-07-31 15:59:00,"EDC","Cryptopia","BTC",1.5e-07,1.5e-07,1.5e-07,1.5e-07,754,0,0.0007154,0,0,TRUE,0.1,TRUE
"184","Donald Pump","DonaldPumpCrypto",2018-07-29 19:00:00,"MNE","Cryptopia","BTC",1.087e-05,1.13e-05,1.087e-05,1.12e-05,910,0.00259,0.0012553,0.0395584176632936,-0.00884955752212396,TRUE,0.111111111111111,TRUE
"185","Shark Pump Signals","Sharkpumpsignals",2018-07-28 19:00:00,"SOON","Cryptopia","BTC",7e-07,7.1e-07,7e-07,7.1e-07,NA,0.0075439,0.025971,0.0142857142857143,0,TRUE,0.125,TRUE
"186","?? Cryptopia Signal ??","cryptopiaPumpp",2018-07-28 18:00:00,"BNC","Cryptopia","BTC",0.000102,0.000102,0.000102,0.000102,1859,0,0,0,0,TRUE,0.142857142857143,TRUE
"188","Crypto Pump Island","crypto_pump_island",2018-07-28 16:04:00,"FC2","Cryptopia","BTC",2.1e-07,2.3e-07,2.3e-07,2.3e-07,773,0.001495,0,0.0952380952380952,0,TRUE,0,TRUE
"190","The Crypto Analyst","TheCryptoAnalysts",2018-07-25 19:00:00,"QBT","Cryptopia","BTC",2.1e-07,2.4e-07,2.4e-07,2.4e-07,NA,0.017006,0.012274,0.142857142857143,0,TRUE,0,TRUE
"191","Crypto Pump Island","crypto_pump_island",2018-07-25 16:02:00,"BEEZ","Cryptopia","BTC",2.7e-07,2.7e-07,2.7e-07,2.7e-07,761,0.02192,0.00292,0,0,TRUE,0,TRUE
"192","Donald Pump","DonaldPumpCrypto",2018-07-24 19:00:00,"MAGN","Cryptopia","BTC",5.95e-06,5.96e-06,5.15e-06,5.96e-06,675,0.016217,0.094185,0.00168067226890755,0,TRUE,0,TRUE
"193","??Pump Signal??","bitcoin_pump_signal",2018-07-22 18:30:00,"BNC","Cryptopia","BTC",0.00011,0.00011,0.000104,0.000104,NA,0.006318,0.010727,0,-0.0545454545454546,TRUE,0,TRUE
"195","Crypto Pump Island","crypto_pump_island",2018-07-21 16:00:00,"KRONE","Cryptopia","BTC",4.8e-07,5.2e-07,5.1e-07,5.1e-07,929,0.01728,0.0027,0.0833333333333334,-0.0192307692307692,TRUE,0,TRUE
