"telegroup","username","datetime","Symbol","dex","pair","open_price","high_price","low_price","close_price","views","volumeto","volumeto_before","pump_gain","dump_loss"
"Inner Signals Circle - BITTREX / UPBIT (???????)","innersignalscircle",2018-10-29 13:00:00,"EXCL","Bittrex","BTC",4.631e-05,4.811e-05,4.602e-05,4.602e-05,7867,0.553,10.81587,0.038868494925502,-0.0434421118270629
"Signals Lion","PrivateLionGroup",2018-10-28 20:00:00,"GNO","Cryptopia","BTC",0.002903,0.002904,0.002904,0.002904,NA,0.001551,0.009231,0.000344471236651636,0
"CryptoMoon Pumps","CryptoMoonPumpGroup",2018-10-28 19:00:00,"KRONE","Cryptopia","BTC",3.2e-07,3.2e-07,3.2e-07,3.2e-07,161,8e-04,0.0005773,0,0
"Official McAfee Pump Signals","officialmcafeepumpsignals",2018-10-28 17:59:00,"CL","Cryptopia","BTC",9e-07,9e-07,9e-07,8.3e-07,NA,0.04245,0.021545,0,-0.0777777777777777
"Mega Pump Group","mega_pump_group",2018-10-28 17:05:00,"RDN","Binance","BTC",NA,NA,NA,NA,NA,NA,NA,NA,NA
"CryptoMoon Pumps","CryptoMoonPumpGroup",2018-10-27 21:01:00,"RKC","Cryptopia","BTC",4.8e-07,4.8e-07,4.8e-07,4.5e-07,161,0.024136,0.02933,0,-0.0625
"??Robin HOOD??","robingoodsignal",2018-10-27 20:00:00,"UMO","Cryptopia","BTC",2.39e-06,2.63e-06,2.39e-06,2.63e-06,480,0.004984,0.004424,0.100418410041841,0
"Crypto Bulls Pump ®??","cryptobullspumpvip",2018-10-27 20:00:00,"SOON","Cryptopia","BTC",4e-07,4e-07,4e-07,4e-07,653,0,0.0039103,0,0
"MassivePump","massivepump1",2018-10-27 18:01:00,"ALIS","Yobit","BTC",7.23e-06,7.79e-06,7.23e-06,7.79e-06,31,0.0005453,0.001105,0.0774550484094052,0
"Optimus Pump","optimus_pump",2018-10-27 18:00:00,"ALIS","Cryptopia","BTC",7.85e-06,7.85e-06,7.85e-06,7.85e-06,NA,0.0005495,0,0,0
"Super Pumps &amp; Signal Kings","superpumpssignalkings",2018-10-27 16:59:00,"DARK","Cryptopia","BTC",3.06e-06,3.06e-06,3.06e-06,3.06e-06,NA,0,0.016047,0,0
"Crypto Pump Island","crypto_pump_island",2018-10-27 16:00:00,"HAC","Cryptopia","BTC",3.6e-07,3.6e-07,3.6e-07,3.6e-07,320,0,0.003878,0,0
"Crypto Family Pumps","CryptoFamilyPumps",2018-10-25 20:29:00,"XPTX","Cryptopia","BTC",2.5e-05,2.684e-05,2.451e-05,2.448e-05,779,0.015308,0.21616,0.0736,-0.0879284649776454
"??Robin HOOD??","robingoodsignal",2018-10-25 20:00:00,"SRC","Cryptopia","BTC",1.03e-06,1.04e-06,1.04e-06,1.04e-06,975,0.001955,0.023711,0.00970873786407758,0
"Whales Crypto Guide","Whalesguide",2018-10-24 20:00:00,"GRS","Binance","BTC",8.64e-05,8.755e-05,8.555e-05,8.438e-05,NA,11.12,11.78,0.0133101851851852,-0.0362078812107367
"Crypto Pump Island","crypto_pump_island",2018-10-23 16:00:00,"FLAX","Cryptopia","BTC",5e-07,5.8e-07,5.8e-07,5.8e-07,985,0.02806,0.008199,0.16,0
"MEGA SIGNAL on Upbit/Bittrex","",2018-10-23 14:00:00,"DYN","Bittrex","BTC",0.0001205,0.0001222,0.0001205,0.0001186,NA,0.21998,0.295305,0.0141078838174273,-0.0294599018003273
"Official McAfee Pump Signals","officialmcafeepumpsignals",2018-10-22 20:29:00,"FANS","Cryptopia","BTC",NA,NA,NA,NA,NA,NA,NA,NA,NA
"Super Pumps &amp; Signal Kings","superpumpssignalkings",2018-10-22 19:59:00,"MATRX","Cryptopia","BTC",1.3e-07,1.3e-07,1.3e-07,1.3e-07,NA,0.007348,0.017855,0,0
"Super Signals","pumpsxxx",2018-10-21 19:59:00,"EDC","Cryptopia","BTC",6e-08,6e-08,6e-08,6e-08,NA,0,0,0,0
"Big Pump Signal","bigpumpsignal",2018-10-20 21:05:00,"XZC","Binance","BTC",0.001585,0.001586,0.001555,0.001565,15993,19.77,29.48,0.00063091482649837,-0.0132408575031526
"Crypto Bulls Pump ®??","cryptobullspumpvip",2018-10-20 19:00:00,"FLAX","Cryptopia","BTC",4.6e-07,4.6e-07,4.2e-07,3.6e-07,653,0.004937,0.003312,0,-0.217391304347826
"Crypto Pump Island","crypto_pump_island",2018-10-20 16:00:00,"PCOIN","Cryptopia","BTC",1.3e-06,1.5e-06,1.3e-06,1.1e-06,819,0.055124,0.031041,0.153846153846154,-0.266666666666667
"Crypto Signals","cryptosignalsvipr",2018-10-19 18:00:00,"UFR","Yobit","BTC",7.35e-06,8.34e-06,7.35e-06,7.31e-06,578,0.0018103,0.000735,0.13469387755102,-0.123501199040767
"John McAfee Yobit Pump","cryptojohnmcafee",2018-10-19 17:00:00,"SNPT","Yobit","BTC",NA,NA,NA,NA,NA,NA,NA,NA,NA
"?? Cryptopia Signal ??","cryptopiaPumpp",2018-10-19 12:00:00,"IXC","Cryptopia","BTC",3.9e-06,3.91e-06,3.8e-06,3.8e-06,489,0.008926,0.0181575,0.00256410256410254,-0.0281329923273657
"Super Pumps &amp; Signal Kings","superpumpssignalkings",2018-10-18 21:29:00,"KOBO","Cryptopia","BTC",3.01e-06,3.01e-06,3.01e-06,2.64e-06,NA,0.005339,0.0169934,0,-0.122923588039867
"Signals Lion","PrivateLionGroup",2018-10-18 19:55:00,"TAJ","Cryptopia","BTC",5.4e-07,5.7e-07,5.4e-07,5.7e-07,NA,0.006706,0.004922,0.0555555555555556,0
"Bomba bitcoin ""cryptopia""","bombabitcoin1",2018-10-18 18:00:00,"ELC","Yobit","BTC",1.336e-05,1.336e-05,1.336e-05,1.336e-05,95,0,0.013651,0,0
"Big Pump Signal","bigpumpsignal",2018-10-17 20:01:00,"POLY","Binance","BTC",NA,NA,NA,NA,NA,NA,NA,NA,NA
"??Cryptopia Pump Community????","Cryptopia_PumpCommunity",2018-10-17 19:30:00,"SDRN","Cryptopia","BTC",4e-07,7.3e-07,4.5e-07,5.5e-07,NA,0.23828,0.06329,0.825,-0.246575342465753
"CAMP(Crypto &amp; Massive Pumps)","ExeCrypto",2018-10-16 16:29:00,"GRW","Cryptopia","BTC",9e-08,9e-08,8e-08,8e-08,217,0.009076,5e-04,0,-0.111111111111111
"Crypto Pump Island","crypto_pump_island",2018-10-16 16:00:00,"DRXNE","Cryptopia","BTC",1.3e-07,1.3e-07,1.3e-07,1.3e-07,981,0,0.005909,0,0
"Super Pumps &amp; Signal Kings","superpumpssignalkings",2018-10-15 19:29:00,"NEVA","Cryptopia","BTC",3.42e-06,3.42e-06,3.42e-06,3.4e-06,NA,0.0006019,0.0022982,0,-0.00584795321637421
"Donald Pump","DonaldPumpCrypto",2018-10-14 20:00:00,"ALL","Cryptopia","BTC",6.5e-07,6.8e-07,6.5e-07,6.8e-07,592,0.006945,0.06,0.046153846153846,0
"Whales Crypto Guide","Whalesguide",2018-10-13 20:00:00,"EDO","Binance","BTC",0.000166,0.0001725,0.000169,0.0001708,NA,9.58,10.54,0.0391566265060241,-0.00985507246376804
"Bomba bitcoin ""cryptopia""","bombabitcoin1",2018-10-13 18:00:00,"SRN","Yobit","BTC",1.2e-05,1.2e-05,1.2e-05,1.2e-05,161,0,0.02429,0,0
"Crypto Signals VIP®","cryptosignalsvipr",2018-10-13 18:00:00,"SRN","Yobit","BTC",1.2e-05,1.2e-05,1.2e-05,1.2e-05,596,0,0.02429,0,0
"Official McAfee Pump Signals","officialmcafeepumpsignals",2018-10-12 20:29:00,"FT","Cryptopia","BTC",2.23e-06,2.23e-06,2.23e-06,2.23e-06,NA,0,0.147443,0,0
"Signals Lion","PrivateLionGroup",2018-10-11 20:00:00,"MAC","Cryptopia","BTC",9.4e-07,9.5e-07,9.5e-07,9.5e-07,NA,0.002624,0.0077708,0.0106382978723404,0
"CAMP(Crypto &amp; Massive Pumps)","ExeCrypto",2018-10-10 21:00:00,"C2","Cryptopia","BTC",1.5e-07,2e-07,1.5e-07,2e-07,263,0.001911,0.0003127,0.333333333333333,0
"John McAfee Signals","cryptojohnmcafee",2018-10-10 18:03:00,"TAO","Yobit","BTC",3.5e-06,3.5e-06,3.5e-06,3.5e-06,417,0,0,0,0
"Crypto Pump Island","crypto_pump_island",2018-10-10 16:00:00,"SKR","Cryptopia","BTC",1.7e-07,1.7e-07,1.7e-07,1.7e-07,1235,0,0.0007608,0,0
"CAMP(Crypto &amp; Massive Pumps)","ExeCrypto",2018-10-09 20:59:00,"CQST","Cryptopia","BTC",8e-08,8e-08,8e-08,8e-08,261,0.000998,0.011963,0,0
"??DUTCH CRYPTO PUMPS!??","nederlandsecryptopumps",2018-10-09 20:37:00,"CON","Cryptopia","BTC",2e-07,2e-07,2e-07,1.8e-07,134,0.02366,0,0,-0.1
"Whales Crypto Guide","Whalesguide",2018-10-09 20:00:00,"OAX","Binance","BTC",3.218e-05,3.259e-05,3.218e-05,3.246e-05,NA,2.3675,4.7782,0.0127408328154132,-0.00398895366676896
"Signal Plug ????","Signal_Plug",2018-10-09 20:00:00,"XZX","Cryptopia","BTC",NA,NA,NA,NA,NA,NA,NA,NA,NA
"Super Pumps &amp; Signal Kings","superpumpssignalkings",2018-10-08 20:59:00,"PEPE","Cryptopia","BTC",6.14e-06,6.14e-06,6.14e-06,6.14e-06,NA,0,0.0269848,0,0
"Signals Lion","PrivateLionGroup",2018-10-08 19:59:00,"KING","Cryptopia","BTC",3.8e-07,4.7e-07,4.7e-07,4.7e-07,NA,0.01825,0.001739,0.236842105263158,0
"Private Group For Pump","PrivateGroupforpump",2018-10-08 17:59:00,"FUZZ","Cryptopia","BTC",1.17e-06,1.17e-06,1.17e-06,1.17e-06,NA,0,0.006758,0,0
"Official McAfee Pump Signals","officialmcafeepumpsignals",2018-10-07 19:29:00,"XPTX","Cryptopia","BTC",3.097e-05,3.097e-05,3.097e-05,2.674e-05,NA,0.035245,0.04094,0,-0.136583790765257
"Private Group For Pump","PrivateGroupforpump",2018-10-06 20:30:00,"DOPE","Cryptopia","BTC",1.49e-06,1.49e-06,1.49e-06,1.49e-06,NA,0.004119,0.0007105,0,0
"Big Pump Signal","bigpumpsignal",2018-10-06 20:00:00,"EVX","Binance","BTC",8.064e-05,8.793e-05,8.156e-05,8.219e-05,23190,94.16,80.12,0.0904017857142856,-0.0652791993631297
"Cryptopia Pump Squad","cryptoflashsignals",2018-10-05 20:30:00,"SIB","Cryptopia","BTC",2.438e-05,2.438e-05,2.4e-05,2.393e-05,329,0.0183579,0.041817,0,-0.0184577522559475
"Donald Pump","DonaldPumpCrypto",2018-10-05 20:00:00,"FROST","Cryptopia","BTC",NA,NA,NA,NA,NA,NA,NA,NA,NA
"MassivePump","massivepump1",2018-10-05 18:00:00,"FRN","Yobit","BTC",7.7e-07,7.7e-07,7.7e-07,7.7e-07,47,0,0,0,0
"Whales Crypto Guide","Whalesguide",2018-10-04 19:59:00,"BRD","Binance","BTC",5.527e-05,5.555e-05,5.521e-05,5.429e-05,NA,10.91,21.87,0.00506603944273574,-0.0226822682268228
"Shark Pump Signals","Sharkpumpsignals",2018-10-04 19:00:00,"FRN","Cryptopia","BTC",9e-07,9.1e-07,9.1e-07,9.1e-07,NA,0.005055,0,0.0111111111111111,0
"??Crypto Coinsultants??","cryptocoinsultants07",2018-10-03 20:07:00,"LDC","Cryptopia","BTC",NA,NA,NA,NA,NA,NA,NA,NA,NA
"Crypto Pump Island","crypto_pump_island",2018-10-03 16:00:00,"BEEZ","Cryptopia","BTC",2.2e-07,2.2e-07,2.2e-07,2.2e-07,881,0,0.008684,0,0
"Cryptopia Pump Squad","cryptoflashsignals",2018-10-02 20:29:00,"IVY","Cryptopia","BTC",2.55e-06,2.57e-06,2.45e-06,2.45e-06,413,0.0496171,0.12254,0.00784313725490189,-0.0466926070038911
"Private Group For Pump","PrivateGroupforpump",2018-10-02 20:00:00,"EGC","Cryptopia","BTC",1.005e-05,1.005e-05,9.56e-06,9.55e-06,NA,0.0021272,0.023569,0,-0.0497512437810946
"??Crypto Coinsultants??","cryptocoinsultants07",2018-10-01 20:07:00,"CON","Cryptopia","BTC",2.3e-07,2.3e-07,1.9e-07,2.2e-07,105,0.00473,0.000958,0,-0.0434782608695651
"??Cryptopia Pump Community????","Cryptopia_PumpCommunity",2018-10-01 18:00:00,"SOON","Cryptopia","BTC",6e-07,6e-07,6e-07,5.4e-07,NA,0.005971,0,0,-0.0999999999999999
"LEAK Signal","LeakSignal",2018-10-01 14:00:00,"GNO","Bittrex","BTC",0.0041,0.0041,0.003995,0.004084,NA,0.32921,4.1804,0,-0.00390243902439034
"Crypto Coins (?)","CryptoCoinCoach",2018-09-30 20:00:00,"VIA","Binance","BTC",0.0001079,0.0001096,0.0001038,0.0001024,8733,40.71,66.65,0.0157553290083411,-0.0656934306569343
"Hit Pump Signals &amp; Strategies","hitpumpsandsignals",2018-09-30 20:00:00,"SYNX","Cryptopia","BTC",7.93e-06,7.93e-06,7.93e-06,7.93e-06,1847,0,0.025257,0,0
"Private Group For Pump","PrivateGroupforpump",2018-09-30 19:30:00,"CAN","Cryptopia","BTC",7.74e-06,7.74e-06,7.56e-06,7.56e-06,NA,0.01354,0.0009104,0,-0.0232558139534885
"MassivePump","massivepump1",2018-09-30 18:00:00,"PLR","Yobit","BTC",NA,NA,NA,NA,NA,NA,NA,NA,NA
"Crypto Pump Island","crypto_pump_island",2018-09-30 16:00:00,"KING","Cryptopia","BTC",4.2e-07,4.2e-07,3.6e-07,3.5e-07,818,0.01671,0.001105,0,-0.166666666666667
"Signals Lion","PrivateLionGroup",2018-09-29 20:00:00,"DATA","Binance","BTC",7.13e-06,7.51e-06,7.11e-06,7.19e-06,NA,155.19,297.7,0.0532959326788218,-0.0426098535286285
"Private Group For Pump","PrivateGroupforpump",2018-09-29 19:30:00,"OXY","Cryptopia","BTC",5.43e-06,5.45e-06,5.43e-06,5.1e-06,NA,0.019945,0.0335531,0.00368324125230215,-0.0642201834862385
"MassivePump","massivepump1",2018-09-29 18:00:00,"XPTX","Yobit","BTC",4.109e-05,4.109e-05,4.109e-05,4.109e-05,20,0,0,0,0
"Signals Lion","PrivateLionGroup",2018-09-28 20:00:00,"PEPE","Cryptopia","BTC",5.12e-06,5.26e-06,5.15e-06,5.15e-06,NA,0.002523,0.003305,0.0273437499999999,-0.0209125475285171
"Pump Machine ??","cryptobullspumpvip",2018-09-28 19:00:00,"BCPT","Cryptopia","BTC",1.392e-05,1.769e-05,1.444e-05,1.701e-05,NA,0.08253,0.0222,0.270833333333333,-0.0384397964951949
"MassivePump","massivepump1",2018-09-28 18:00:00,"FIRE","Yobit","BTC",8.5e-05,8.5e-05,8.5e-05,8.5e-05,20,0,0,0,0
"Private Group For Pump","PrivateGroupforpump",2018-09-27 20:00:00,"SYNX","Cryptopia","BTC",7.31e-06,7.59e-06,7.59e-06,7.35e-06,NA,0.004326,0.06965,0.0383036935704514,-0.0316205533596838
"MassivePump","massivepump1",2018-09-27 18:00:00,"XPRO","Yobit","BTC",8.3e-07,8.3e-07,8.2e-07,8.2e-07,17,0.0001582,0.010655,0,-0.0120481927710844
"Crypto Pump Island","crypto_pump_island",2018-09-27 16:00:00,"MATRX","Cryptopia","BTC",1.4e-07,1.7e-07,1.4e-07,1.7e-07,833,0.005062,0.006924,0.214285714285714,0
"Crypto trading. ™","bestpumpss",2018-09-27 15:00:00,"HC","Binance","BTC",0,0,0,0,3100,0,0,NA,NA
"Cryptopia Pump Squad","cryptoflashsignals",2018-09-25 20:29:00,"SPR","Cryptopia","BTC",1.444e-05,1.549e-05,1.422e-05,1.389e-05,344,0.034146,0.053425,0.0727146814404431,-0.103292446739832
"Private Group For Pump","PrivateGroupforpump",2018-09-25 18:00:00,"SPR","Cryptopia","BTC",1.499e-05,1.549e-05,1.444e-05,1.536e-05,NA,0.039435,4.46735,0.0333555703802534,-0.00839251129761139
"Crypto trading. ™","bestpumpss",2018-09-25 15:00:00,"OAX","Binance","BTC",2.57e-05,2.841e-05,2.566e-05,2.631e-05,2252,12.64,9.26,0.105447470817121,-0.0739176346356917
"Super Pumps &amp; Signal Kings","superpumpssignalkings",2018-09-24 21:00:00,"ERY","Cryptopia","BTC",5.4e-07,5.4e-07,4.5e-07,4.1e-07,NA,0.00162,0.020182,0,-0.240740740740741
"Crypto Yoda Signals","thecryptoyoda",2018-09-24 20:00:00,"YOVI","Cryptopia","BTC",2.77e-06,2.77e-06,2.77e-06,2.77e-06,378,0,0.007797,0,0
"Private Group For Pump","PrivateGroupforpump",2018-09-24 18:00:00,"AUR","Cryptopia","BTC",5.159e-05,5.2e-05,5.2e-05,5.2e-05,NA,0.1193099,0.01965,0.00794727660399298,0
"Crypto Pump Island","crypto_pump_island",2018-09-24 16:00:00,"WSP","Cryptopia","BTC",NA,NA,NA,NA,NA,NA,NA,NA,NA
"Donald Pump","DonaldPumpCrypto",2018-09-23 19:00:00,"SIB","Cryptopia","BTC",3.429e-05,3.718e-05,3.714e-05,3.714e-05,468,0.005609,0.134029,0.0842811315252261,-0.00107584722969337
"CAMP(Crypto &amp; Massive Pumps)","ExeCrypto",2018-09-23 15:00:00,"MST","Cryptopia","BTC",1.345e-05,1.345e-05,1.345e-05,1.312e-05,411,0.003234,0.007834,0,-0.0245353159851301
"Palm Venice Beach","palmvenicebeach",2018-09-23 12:01:00,"STORM","Binance","BTC",1.2e-06,1.28e-06,1.23e-06,1.24e-06,NA,38.88,22.61,0.0666666666666667,-0.03125
"Big Pump Signal","bigpumpsignal",2018-09-22 20:00:00,"NAV","Binance","BTC",6.33e-05,6.97e-05,6.32e-05,6.09e-05,17669,160.96,265.84,0.101105845181675,-0.126255380200861
"Yobit Pumping Crazy Community™","cryptosignalcrazy",2018-09-22 18:00:00,"ALIS","Cryptopia","BTC",6.5e-06,6.5e-06,6.5e-06,6.5e-06,NA,0,0.0042,0,0
"Dynamic Signals","thedynamicsignals",2018-09-22 17:00:00,"SUB","Binance","BTC",1.679e-05,1.693e-05,1.674e-05,1.676e-05,4143,4.2079,6.71,0.00833829660512202,-0.0100413467217956
"Palm Venice Beach","palmvenicebeach",2018-09-22 06:24:00,"BLZ","Binance","BTC",1.917e-05,1.947e-05,1.862e-05,1.875e-05,NA,18.2,17.83,0.0156494522691706,-0.0369799691833592
"Crypto Rocket ®","cryptorocketr",2018-09-21 17:00:00,"XPRO","Yobit","BTC",8.4e-07,8.4e-07,8.3e-07,8.3e-07,81,0.008215,0.00179,0,-0.0119047619047619
"Palm Venice Beach","palmvenicebeach",2018-09-21 16:48:00,"ENG","Binance","BTC",9.348e-05,9.459e-05,9.249e-05,9.385e-05,NA,30.85,45,0.0118741976893453,-0.0078232371286605
"?? YoBit Pump Team ??","yobitpumpteam2018",2018-09-21 03:02:00,"WW","Cryptopia","BTC",2.5e-07,2.5e-07,2.5e-07,2.5e-07,144,0,0,0,0
"CAMP(Crypto &amp; Massive Pumps)","ExeCrypto",2018-09-21 03:00:00,"WW","Cryptopia","BTC",2.5e-07,2.5e-07,2.5e-07,2.5e-07,239,0,0,0,0
"Palm Venice Beach","palmvenicebeach",2018-09-20 17:24:00,"ARN","Binance","BTC",4.908e-05,5.087e-05,4.913e-05,5.055e-05,NA,24.18,30.18,0.0364710676446618,-0.00629054452526041
"Crypto Pump Island","crypto_pump_island",2018-09-20 16:00:00,"SPR","Cryptopia","BTC",1.563e-05,1.563e-05,1.563e-05,1.554e-05,905,0.003001,0.00861,0,-0.00575815738963537
"Signals Lion","PrivateLionGroup",2018-09-19 20:11:00,"RC","Cryptopia","BTC",1.558e-05,1.6e-05,1.6e-05,1.6e-05,NA,0.0023518,0,0.0269576379974326,0
"MassivePump","massivepump1",2018-09-19 18:00:00,"ALIS","Yobit","BTC",6.23e-06,6.23e-06,6.23e-06,5.7e-06,20,0.000456,0.001644,0,-0.0850722311396469
"MassivePump","massivepump1",2018-09-18 17:00:00,"XMG","Yobit","BTC",9.46e-06,9.46e-06,9.46e-06,9.46e-06,19,0,0.00018,0,0
"Palm Venice Beach","palmvenicebeach",2018-09-18 09:29:00,"GRS","Binance","BTC",8.701e-05,8.957e-05,8.558e-05,8.731e-05,NA,20.05,25.25,0.0294219055281002,-0.0252316623869599
"Palm Venice Beach","palmvenicebeach",2018-09-18 03:12:00,"GRS","Binance","BTC",8.6e-05,9.09e-05,8.601e-05,8.629e-05,NA,38.7,19.1,0.0569767441860465,-0.0507150715071507
"MassivePump","massivepump1",2018-09-17 17:00:00,"IQN","Yobit","BTC",NA,NA,NA,NA,NA,NA,NA,NA,NA
"Crypto Pump Island","crypto_pump_island",2018-09-17 16:00:00,"UBT","Cryptopia","BTC",NA,NA,NA,NA,NA,NA,NA,NA,NA
"Hit Pump Signals &amp; Strategies","hitpumpsandsignals",2018-09-16 18:00:00,"CNO","Cryptopia","BTC",1.5e-07,1.5e-07,1.5e-07,1.5e-07,1896,0.004016,0.26164,0,0
"MassivePump","massivepump1",2018-09-16 17:00:00,"EQT","Yobit","BTC",1.2e-05,1.2e-05,1.2e-05,1.2e-05,20,0,0.028732,0,0
"MassivePump","massivepump1",2018-09-15 17:00:00,"SEL","Yobit","BTC",5.999e-05,5.999e-05,5.999e-05,5.999e-05,15,0,0,0,0
"Shark Pump Signals","Sharkpumpsignals",2018-09-15 15:00:00,"EMP","Yobit","BTC",2.3e-07,2.3e-07,2.3e-07,2.3e-07,NA,0,0.0003357,0,0
"Cryptopia Pump Squad","cryptoflashsignals",2018-09-13 20:30:00,"BCS","Cryptopia","BTC",NA,NA,NA,NA,NA,NA,NA,NA,NA
"MassivePump","massivepump1",2018-09-13 17:00:00,"SBIT","Yobit","BTC",3.79e-06,3.79e-06,3.79e-06,3.79e-06,19,0,0.006105,0,0
"Crypto Pump Island","crypto_pump_island",2018-09-13 16:00:00,"EVO","Cryptopia","BTC",1.31e-06,1.31e-06,1.31e-06,1.31e-06,931,0,0.04222,0,0
"Signalsgram","Signalsgram",2018-09-12 20:30:00,"RC","Cryptopia","BTC",1.652e-05,1.652e-05,1.652e-05,1.515e-05,NA,0.0053354,0.023807,0,-0.0829297820823245
"Official McAfee Signals","officialmcafeepumpsignals",2018-09-12 19:30:00,"ATH","Cryptopia","BTC",NA,NA,NA,NA,NA,NA,NA,NA,NA
"MassivePump","massivepump1",2018-09-11 18:00:00,"BEEZ","Yobit","BTC",1.9e-07,1.9e-07,1.9e-07,1.9e-07,25,0,0,0,0
"Crypto trading. ™","bestpumpss",2018-09-11 16:30:00,"ICN","Binance","BTC",5.491e-05,5.596e-05,5.557e-05,5.586e-05,5223,0.55546,2.1867,0.0191221999635767,-0.00178699070764836
"Crypto Pump Island","crypto_pump_island",2018-09-10 16:00:00,"FUZZ","Cryptopia","BTC",8.3e-07,8.3e-07,7.1e-07,7.1e-07,931,0.003236,0.0012074,0,-0.144578313253012
"Crypto trading. ™","bestpumpss",2018-09-10 15:00:00,"DNT","Binance","BTC",3.32e-06,3.33e-06,3.29e-06,3.23e-06,3153,4.7069,18.63,0.00301204819277106,-0.03003003003003
"Shark Pump Signals","Sharkpumpsignals",2018-09-09 17:59:00,"EMP","Yobit","BTC",2.9e-07,2.9e-07,2.9e-07,2.9e-07,NA,0,0.001036,0,0
"Pump'N'Pump - 2018","pumpn",2018-09-09 16:00:00,"MATRX","Cryptopia","BTC",1.5e-07,1.5e-07,1.5e-07,1.5e-07,NA,0,0.003815,0,0
"CAMP(Crypto &amp; Massive Pumps)","ExeCrypto",2018-09-09 14:00:00,"ALEX","Cryptopia","BTC",1.002e-05,1.002e-05,1.001e-05,1.001e-05,373,0.001804,0.0048057,0,-0.000998003992015958
"MassivePump","massivepump1",2018-09-08 18:00:00,"PARTY","Yobit","BTC",1.7e-07,1.7e-07,1e-07,1e-07,23,0.007414,0.001538,0,-0.411764705882353
"Signalsgram","Signalsgram",2018-09-07 20:00:00,"611","Cryptopia","BTC",1.566e-05,1.65e-05,1.65e-05,1.65e-05,NA,0.005028,0.017671,0.0536398467432952,0
"MassivePump","massivepump1",2018-09-07 18:00:00,"UNITS","Yobit","BTC",3.27e-06,3.27e-06,3.27e-06,3.27e-06,15,0,0.0026415,0,0
"Shark Pump Signals","Sharkpumpsignals",2018-09-07 17:59:00,"SPT","Cryptopia","BTC",2.6e-07,2.6e-07,2.6e-07,2.6e-07,NA,0,0,0,0
"Cryptopia Pump Squad","cryptoflashsignals",2018-09-06 20:15:00,"BNC","Cryptopia","BTC",0.00021,0.0002368,0.00021,0.0002368,349,0.002368,0.05819,0.127619047619048,0
"Donald Pump","DonaldPumpCrypto",2018-09-06 20:00:00,"CMT","Cryptopia","BTC",0,0,0,0,349,0,0,NA,NA
"MassivePump","massivepump1",2018-09-06 18:00:00,"EMP","Yobit","BTC",6.4e-07,6.4e-07,3e-07,3e-07,18,0.0002173,0.0001011,0,-0.53125
"Crypto Pump Island","crypto_pump_island",2018-09-06 16:00:00,"ERY","Cryptopia","BTC",5.7e-07,5.7e-07,5.4e-07,5.4e-07,1250,0.001188,0.0010598,0,-0.0526315789473685
"Official McAfee Signals","officialmcafeepumpsignals",2018-09-05 19:30:00,"WHL","Cryptopia","BTC",2.81e-06,2.82e-06,2.81e-06,2.81e-06,NA,0.023969,0.039009,0.00355871886120993,-0.00354609929078011
"Bomba bitcoin ""cryptopia""","bombabitcoin1",2018-09-05 13:47:00,"RBY","Cryptopia","BTC",5.151e-05,5.183e-05,5.151e-05,5.183e-05,111,0.007154,0.002472,0.00621238594447674,0
"??Crypto Millionaire??","cryptocoinsultants07",2018-09-04 20:07:00,"MGX","Cryptopia","BTC",6.601e-05,6.689e-05,6.601e-05,6.604e-05,113,0.010038,0.237,0.0133313134373581,-0.0127074301091345
"Pump'N'Pump - 2018","pumpn",2018-09-04 15:00:00,"SRC","Cryptopia","BTC",1.12e-06,1.12e-06,1.12e-06,1.12e-06,NA,0,0.012868,0,0
"Bomba bitcoin ""cryptopia""","bombabitcoin1",2018-09-03 17:29:00,"ELCO","Yobit","BTC",5.11e-06,5.11e-06,5.11e-06,3.74e-06,113,0.0021,0,0,-0.268101761252446
"Crypto Pump Island","crypto_pump_island",2018-09-03 16:00:00,"BDL","Cryptopia","BTC",2.5e-07,2.5e-07,2.5e-07,2.5e-07,1103,0.002519,0,0,0
"Super Pumps &amp; Signal Kings","superpumpssignalkings",2018-09-02 21:00:00,"STV","Cryptopia","BTC",1.9e-06,1.9e-06,1.9e-06,1.9e-06,NA,0,0,0,0
"??Crypto Millionaire??","cryptocoinsultants07",2018-09-02 20:07:00,"POST","Cryptopia","BTC",1.06e-06,1.2e-06,1.06e-06,1.2e-06,105,0.003127,0.00396,0.132075471698113,0
"Big Crypto Pump","BigCryptoPump",2018-09-02 02:15:00,"TUSD","Yobit","BTC",0.0001331,0.0001335,0.0001334,0.0001334,886,0.0018742,0,0.00300525920360618,-0.000749063670412003
"MassivePump","massivepump1",2018-09-01 18:00:00,"TUSD","Yobit","BTC",0.0001401,0.0001401,0.000138,0.000138,30,0.01661,0.0006697,0,-0.0149892933618843
"Pump Signals","Cryptopumps55",2018-09-01 18:00:00,"TUSD","Yobit","BTC",0.0001401,0.0001401,0.000138,0.000138,NA,0.01661,0.0006697,0,-0.0149892933618843
"Bomba bitcoin ""cryptopia""","bombabitcoin1",2018-08-31 20:07:00,"OPCX","Cryptopia","BTC",NA,NA,NA,NA,NA,NA,NA,NA,NA
"??Crypto Millionaire??","cryptocoinsultants07",2018-08-31 20:07:00,"OPCX","Cryptopia","BTC",NA,NA,NA,NA,NA,NA,NA,NA,NA
"Pump'N'Pump - 2018","pumpn",2018-08-31 15:00:00,"CAT","Cryptopia","BTC",1.982e-05,1.987e-05,1.987e-05,1.987e-05,NA,0.020851,0.0005489,0.00252270433905152,0
"Cryptopia Pump Squad","cryptoflashsignals",2018-08-30 20:01:00,"FLAX","Cryptopia","BTC",6.1e-07,6.9e-07,6.1e-07,6.9e-07,417,0.0006936,0,0.131147540983607,0
"MassivePump","massivepump1",2018-08-30 18:01:00,"AE","Yobit","BTC",NA,NA,NA,NA,NA,NA,NA,NA,NA
"Crypto Pump Island","crypto_pump_island",2018-08-30 16:00:00,"GRN","Cryptopia","BTC",1.7e-07,2e-07,2e-07,2e-07,1606,0.00124,0.010197,0.176470588235294,0
"Pump'N'Pump - 2018","pumpn",2018-08-29 15:00:00,"EVIL","Cryptopia","BTC",9.7e-07,9.7e-07,9.7e-07,9.7e-07,NA,0.007702,0.004826,0,0
"PUMP OFFICIAL CRYPTO","LuxuriousCrypto",2018-08-28 20:01:00,"HQX","Yobit","BTC",1.11e-06,1.29e-06,1.11e-06,1.28e-06,NA,0.002573,0.001771,0.162162162162162,-0.00775193798449605
"OFFICIAL PUMP EXPERTS","officialpumpexperts",2018-08-28 17:05:00,"XMG","Bittrex","BTC",1.392e-05,1.49e-05,1.364e-05,1.462e-05,NA,0.19632,0.46109,0.0704022988505746,-0.0187919463087248
"Crypto Pump Island","crypto_pump_island",2018-08-27 16:00:00,"BERN","Cryptopia","BTC",1.4e-07,1.5e-07,1.5e-07,1.5e-07,916,0.003531,0.02404,0.0714285714285713,0
"Donald Pump","DonaldPumpCrypto",2018-08-26 20:00:00,"SHRM","Cryptopia","BTC",0.0001839,0.0001839,0.0001826,0.0001826,623,0.003767,0.027072,0,-0.00706905927134315
"Hit Pump Signals &amp; Strategies","hitpumpsandsignals",2018-08-22 19:00:00,"XZX","Cryptopia","BTC",NA,NA,NA,NA,NA,NA,NA,NA,NA
"Official McAfee Signals","officialmcafeepumpsignals",2018-08-22 19:00:00,"XZX","Cryptopia","BTC",NA,NA,NA,NA,NA,NA,NA,NA,NA
"MassivePump","massivepump1",2018-08-22 18:00:00,"MNZ","Yobit","BTC",9.1e-06,9.1e-06,9.1e-06,9.1e-06,29,0,0.005503,0,0
"Hit Pump Signals &amp; Strategies","hitpumpsandsignals",2018-08-19 19:00:00,"DIM","Cryptopia","BTC",3.7e-07,3.7e-07,3.7e-07,3.6e-07,2365,0.0008755,0.010351,0,-0.0270270270270271
"Donald Pump","DonaldPumpCrypto",2018-08-18 18:00:00,"CACH","Cryptopia","BTC",1.2e-06,1.2e-06,1.2e-06,1.2e-06,687,0,0.040976,0,0
"MassivePump","massivepump1",2018-08-17 17:01:00,"HAC","Yobit","BTC",6.7e-07,6.8e-07,6.8e-07,6.8e-07,27,0.0009898,0.009441,0.0149253731343282,0
"Pump Signals","Cryptopumps55",2018-08-16 19:00:00,"BIP","Cryptopia","BTC",NA,NA,NA,NA,NA,NA,NA,NA,NA
"Crypto Pump Island","crypto_pump_island",2018-08-16 16:00:00,"ARI","Cryptopia","BTC",1e-07,1.3e-07,1.3e-07,1.3e-07,833,0.001503,0.043146,0.3,0
"Central Pumps","CentralPumps",2018-08-16 13:00:00,"VIB","Bittrex","BTC",5.16e-06,5.19e-06,5.19e-06,5.19e-06,60,0.007461,0.99601,0.0058139534883722,0
"Bitcoin Pump Signal ™","bitcoin_pump_signal",2018-08-15 19:00:00,"GRN","Cryptopia","BTC",3.1e-07,3.2e-07,3.1e-07,3.2e-07,NA,0.061048,0.0042398,0.0322580645161291,0
"MassivePump","massivepump1",2018-08-14 17:59:00,"PRO","Yobit","BTC",NA,NA,NA,NA,NA,NA,NA,NA,NA
"Central Pumps","CentralPumps",2018-08-14 13:00:00,"UKG","Bittrex","BTC",7.4e-06,7.69e-06,7.46e-06,7.61e-06,61,0.149068,0.42821,0.039189189189189,-0.0104031209362808
"McAfee Mega Signals™","officialmcafeesignals",2018-08-14 13:00:00,"UKG","Bittrex","BTC",7.4e-06,7.69e-06,7.46e-06,7.61e-06,2614,0.149068,0.42821,0.039189189189189,-0.0104031209362808
"Rocket Crypto Pump Signals &amp; Strategies","rocketpumptrader",2018-08-13 20:01:00,"COAL","Cryptopia","BTC",8e-07,8e-07,8e-07,8e-07,NA,0.0006843,0.009153,0,0
"MassivePump","massivepump1",2018-08-13 19:00:00,"PAI","Yobit","BTC",NA,NA,NA,NA,NA,NA,NA,NA,NA
"Crypto Pump Island","crypto_pump_island",2018-08-13 16:00:00,"BEEZ","Cryptopia","BTC",2.8e-07,2.8e-07,2.8e-07,2.5e-07,663,0.001892,0.045376,0,-0.107142857142857
"McAfee Mega Signals™","officialmcafeesignals",2018-08-13 09:44:00,"TX","Bittrex","BTC",6.4e-05,6.443e-05,6.443e-05,6.443e-05,1832,0.0101777,2.95355,0.00671875000000012,0
"MassivePump","massivepump1",2018-08-12 16:59:00,"HDG","Yobit","BTC",0.0004439,0.0004439,2e-04,0.00014,20,0.0529806,0.155482,0,-0.684613651723361
"Crypto Pump Island","crypto_pump_island",2018-08-10 16:00:00,"FC2","Cryptopia","BTC",3.1e-07,3.1e-07,3.1e-07,3.1e-07,734,0,0.001408,0,0
"MassivePump","massivepump1",2018-08-09 19:00:00,"TORQ","Yobit","BTC",NA,NA,NA,NA,NA,NA,NA,NA,NA
"Donald Pump","DonaldPumpCrypto",2018-08-08 20:30:00,"INPAY","Cryptopia","BTC",4.45e-06,4.52e-06,4.4e-06,4.4e-06,573,0.037526,0.006872,0.0157303370786517,-0.0265486725663716
"Bitcoin Pump Signal ™","bitcoin_pump_signal",2018-08-08 20:00:00,"STV","Cryptopia","BTC",1.75e-06,1.75e-06,1.75e-06,1.75e-06,NA,0,0.003414,0,0
"Crypto Whales™","whalezcrypt",2018-08-08 08:30:00,"OK","Yobit","BTC",8e-06,8e-06,8e-06,8e-06,NA,0,0,0,0
"The Crypto Analyst","TheCryptoAnalysts",2018-08-07 19:11:00,"QBT","Cryptopia","BTC",2.4e-07,2.4e-07,2.4e-07,2.4e-07,NA,0,0.01065,0,0
"Crypto Pump Island","crypto_pump_island",2018-08-07 16:00:00,"ELM","Cryptopia","BTC",3e-07,3e-07,3e-07,3e-07,855,0.002596,0.019819,0,0
"??Crypto Millionaire??","cryptocoinsultants07",2018-08-06 19:00:00,"GRN","Cryptopia","BTC",3.1e-07,3.3e-07,3.2e-07,3.2e-07,251,0.001407,0,0.0645161290322581,-0.0303030303030303
"Crypto Yoda Signals","thecryptoyoda",2018-08-05 19:00:00,"BNC","Cryptopia","BTC",1e-04,0.0001091,0.0001091,0.0001091,1052,0.001713,0.0139231,0.0909999999999999,0
"Bitcoin Pump Signal ™","bitcoin_pump_signal",2018-08-03 19:00:00,"CACH","Cryptopia","BTC",1.12e-06,1.12e-06,1.12e-06,1.06e-06,NA,0.002646,0.013668,0,-0.0535714285714286
"YOBIT SIGNAL MARKET","professorbtc",2018-08-03 17:00:00,"CL","Yobit","BTC",1.53e-06,1.7e-06,1.48e-06,1.69e-06,100,0.004592,0.022605,0.111111111111111,-0.00588235294117654
"Crypto Pump Island","crypto_pump_island",2018-07-31 15:59:00,"EDC","Cryptopia","BTC",1.5e-07,1.5e-07,1.5e-07,1.5e-07,754,0,0.0007154,0,0
"Donald Pump","DonaldPumpCrypto",2018-07-29 19:00:00,"MNE","Cryptopia","BTC",1.087e-05,1.13e-05,1.087e-05,1.12e-05,910,0.00259,0.0012553,0.0395584176632936,-0.00884955752212396
"Shark Pump Signals","Sharkpumpsignals",2018-07-28 19:00:00,"SOON","Cryptopia","BTC",7e-07,7.1e-07,7e-07,7.1e-07,NA,0.0075439,0.025971,0.0142857142857143,0
"?? Cryptopia Signal ??","cryptopiaPumpp",2018-07-28 18:00:00,"BNC","Cryptopia","BTC",0.000102,0.000102,0.000102,0.000102,1859,0,0,0,0
"Big signal","togetherwepump1",2018-07-28 17:00:00,"HAC","Yobit","BTC",8.9e-07,8.9e-07,8.9e-07,7.4e-07,82,0.0017387,0.005429,0,-0.168539325842697
"Crypto Pump Island","crypto_pump_island",2018-07-28 16:04:00,"FC2","Cryptopia","BTC",2.1e-07,2.3e-07,2.3e-07,2.3e-07,773,0.001495,0,0.0952380952380952,0
"Big signal","togetherwepump1",2018-07-26 17:00:00,"SLING","Yobit","BTC",1.95e-06,1.95e-06,1.95e-06,1.95e-06,60,0,0.00013,0,0
"The Crypto Analyst","TheCryptoAnalysts",2018-07-25 19:00:00,"QBT","Cryptopia","BTC",2.1e-07,2.4e-07,2.4e-07,2.4e-07,NA,0.017006,0.012274,0.142857142857143,0
"Crypto Pump Island","crypto_pump_island",2018-07-25 16:02:00,"BEEZ","Cryptopia","BTC",2.7e-07,2.7e-07,2.7e-07,2.7e-07,761,0.02192,0.00292,0,0
"Donald Pump","DonaldPumpCrypto",2018-07-24 19:00:00,"MAGN","Cryptopia","BTC",5.95e-06,5.96e-06,5.15e-06,5.96e-06,675,0.016217,0.094185,0.00168067226890755,0
"??Pump Signal??","bitcoin_pump_signal",2018-07-22 18:30:00,"BNC","Cryptopia","BTC",0.00011,0.00011,0.000104,0.000104,NA,0.006318,0.010727,0,-0.0545454545454546
"Crypto Mega Pumps Yobit","CryptoMegaPumps",2018-07-21 16:59:00,"INFX","Yobit","BTC",1.002e-05,1.003e-05,1.002e-05,1.001e-05,NA,0.0044011,0.006451,0.000998003992015958,-0.0019940179461615
"Crypto Pump Island","crypto_pump_island",2018-07-21 16:00:00,"KRONE","Cryptopia","BTC",4.8e-07,5.2e-07,5.1e-07,5.1e-07,929,0.01728,0.0027,0.0833333333333334,-0.0192307692307692
